stop_id,stop_name,lat,lon
B00001P,18 Office Park,-6.299146,106.8321
B00002P,ABA,-6.194149,106.83939
B00003P,Acacia Residence,-6.263358,106.75675
B00004P,ACC Simatupang,-6.304475,106.84858
B00005P,ACE Hardware,-6.387532,106.82738
B00006P,ACE Hardware Kelapa Gading,-6.157009,106.89905
B00008P,Adam Malik 1,-6.236396,106.74776
B00010P,AEON Mall,-6.171923,106.95283
B00011P,Agrowisata Cilangkap,-6.339786,106.9013
B00013P,Ahmad Yani Pisangan Baru,-6.211477,106.87374
B00014P,Airy Eco Binus,-6.195282,106.78881
B00017P,Akper Fatmawati Pondok Labu,-6.313187,106.79931
B00019P,Akses Bawah Flyover Raya Bogor,-6.307687,106.86456
B00020P,Akses Bawah Jembatan Marunda,-6.110376,106.94129
B00022P,Akses Jembatan Ciliwung Balekambang,-6.283554,106.84945
B00025P,Al Barkah,-6.219597,106.84565
B00027P,Al Izhar Pondok Labu 2,-6.311504,106.79104
B00028P,Al Khairiyah School,-6.236593,106.9176
B00029P,Al Mahbubiyah,-6.291866,106.81255
B00030P,Al Mukhlisin,-6.128569,106.792084
B00031P,Al Wathoniyah 1,-6.192036,106.9353
B00032P,Al Wathoniyah 2,-6.192425,106.93568
B00033P,Aljabr Islamic School,-6.308023,106.80371
B00035P,Ampera 1,-6.292069,106.81774
B00036P,Ampera 2,-6.292641,106.81563
B00037P,Ampera 3,-6.291196,106.81706
B00038P,Ampera 4,-6.291345,106.8172
B00039P,Ampera Garden,-6.288794,106.81818
B00040P,Ampera Yos Sudarso,-6.122624,106.89322
B00041P,Ananda Pulo Gadung,-6.185254,106.90716
B00042P,Andara Margasatwa 1,-6.313471,106.80369
B00043P,Andara Margasatwa 2,-6.313577,106.80356
B00045P,Andara Margasatwa 4,-6.312578,106.80356
B00046P,Aneka Apotek,-6.151647,106.87959
B00048P,Aneka PIK Penggilingan,-6.202636,106.92867
B00051P,Anggrek Neli Murni,-6.18968,106.79438
B00052P,Antena III,-6.250453,106.79171
B00053P,Antena II,-6.25033,106.79163
B00054P,Apartemen Gading Nias,-6.154358,106.91615
B00056P,Apartemen Kedoya Elok 2,-6.188259,106.76855
B00057P,Apartemen Metro Sunter,-6.13396,106.87208
B00058P,Apartemen Simprug Teras,-6.232197,106.78874
B00059P,Apotik Emilia Rawamangun,-6.202019,106.88477
B00060P,Apotik Rini Rawamangun,-6.199914,106.88595
B00062P,Aries Utama,-6.197385,106.75145
B00063P,Aries Utama III,-6.197454,106.74602
B00064P,Ariobimo Sentral,-6.227471,106.83328
B00065P,Arion Mall,-6.193631,106.89068
B00066P,Arsip Nasional RI 1,-6.279439,106.81987
B00067P,Arsip Nasional RI 2,-6.279481,106.81995
B00068P,Artha Gading 1,-6.144287,106.8907
B00070P,ASMI 2,-6.172158,106.88894
B00071P,Asrama Brimob Cilincing,-6.104565,106.93689
B00073P,Asrama Marinir Marunda 1,-6.114597,106.95034
B00074P,Asrama Marinir Marunda 2,-6.114579,106.95023
B00075P,Asrama Polri Cideng,-6.178925,106.81262
B00076P,Asshomadiyah Medicare Centre 1,-6.295486,106.89804
B00078P,Astek,-6.291175,106.66598
B00079P,Aston Pluit 1,-6.124693,106.79511
B00081P,At Thahiriah 1,-6.210032,106.93803
B00082P,At Thahiriah 2,-6.210011,106.93809
B00083P,Atrium 1,-6.177759,106.8412
B00084P,Atrium 2,-6.17687,106.84042
B00085P,Aula Simfonia,-6.152158,106.8436
B00088P,Awab Dalam,-6.224877,106.8696
B00089P,Ayam Kalasan Pisangan Lama,-6.210495,106.87869
B00091P,Azhari Islamic School 2,-6.305309,106.77796
B00092P,Bacang Lubang Buaya,-6.288956,106.89696
B00093P,Badan Diklat Kejaksaan RI,-6.304295,106.82095
B00096P,Badan Penghubung Sulawesi Tengah,-6.175029,106.80734
B00097P,Badan Restorasi Gambut RI,-6.191286,106.833203
B00098P,Baileys Lagoon City,-6.315461,106.74677
B00099P,Bakti Mulia 400,-6.275838,106.77675
B00100P,Baladewa Residence,-6.229648,106.91038
B00102P,Balai Kota 1,-6.180598,106.82847
B00103P,Balai Nikah Kembangan Utara,-6.181467,106.73448
B00104P,Balai Pertamina,-6.229555,106.79052
B00105P,Balai Sudirman,-6.227043,106.84742
B00106P,Balaikota Depok 2,-6.394973,106.82277
B00107P,Bamed Health Care,-6.203485,106.73102
B00108P,Bandar Djakarta Bekasi,-6.227085,106.99683
B00109P,Bangau VI,-6.169278,106.84271
B00110P,Bangunan Timur 1,-6.189634,106.88551
B00111P,Bangunan Timur 2,-6.189526,106.88571
B00112P,Bank Indonesia 1,-6.181904,106.823097
B00113P,Bank Indonesia 2,-6.182667,106.82275
B00114P,UPT. LLHD 1,-6.22577,106.83507
B00115P,UPT. LLHD 2,-6.225501,106.83489
B00116P,Bapindo Menteng,-6.187095,106.83566
B00117P,Batalyon Kavaleri 1,-6.252806,106.65064
B00118P,Batalyon Kavaleri 2,-6.252704,106.65081
B00119P,Batan H Kaman,-6.296551,106.77338
B00120P,Baung,-6.302036,106.83656
B00121P,Baywalk 1,-6.109908,106.77828
B00122P,Baywalk 2,-6.110359,106.77961
B00123P,BBPK Jakarta,-6.302219,106.798
B00124P,Bella Terra,-6.175296,106.89567
B00125P,Benhil 1,-6.217304,106.8154
B00126P,Benhil 2,-6.216775,106.8154
B00127P,Benhil 3,-6.21601,106.81632
B00128P,Benteng Betawi,-6.174158,106.65559
B00129P,Bercabuana Sakti,-6.270086,106.76549
B00130P,Bermis 1,-6.178022,106.89853
B00131P,Bermis 2,-6.178353,106.89841
B00132P,Beverly Tower,-6.291805,106.78636
B00133P,Bhayangkara 1,-6.236949,106.64549
B00134P,Bhayangkara 2,-6.236714,106.64559
B00135P,Bidan Ningsih Joglo,-6.216023,106.72909
B00136P,Bidara 1,-6.106097,106.9595
B00137P,Bidara 2,-6.106075,106.95942
B00138P,Bidara Cina 1,-6.229954,106.86735
B00139P,Bidara Cina 2,-6.22994,106.86709
B00140P,Billy Moon,-6.248271,106.93093
B00141P,Billy Moon 2,-6.248131,106.92944
B00142P,Bimbel Calistung,-6.222933,106.93901
B00144P,Bintaro,-6.271245,106.75133
B00145P,Bintaro Gg. Masjid,-6.27026,106.75217
B00146P,Bintaro Kodam,-6.260196,106.76594
B00147P,Bintaro Park VIew,-6.257977,106.75969
B00148P,Bintaro Xchange,-6.286813,106.72865
B00149P,Binus Kampus Kijang,-6.194535,106.78757
B00150P,Binus Syahdan,-6.200725,106.78472
B00151P,Binus University,-6.201811,106.78265
B00152P,BKKBN 1,-6.252902,106.88084
B00153P,BKKBN 2,-6.253103,106.88108
B00154P,BKN 1,-6.258026,106.86955
B00155P,BKN 2,-6.258262,106.86984
B00156P,Blok A,-6.188462,106.81558
B00158P,Blok E,-6.18497,106.81463
B00159P,Blok F,-6.188552,106.81249
B00160P,Blue Gas Pulo Gebang,-6.210605,106.95645
B00161P,BNI 46,-6.135768,106.81425
B00163P,BNI Syariah,-6.227256,106.83291
B00165P,Bongkaran Tanah Abang,-6.189421,106.81159
B00166P,Boulevard Bukit Gading Raya,-6.15515,106.89579
B00167P,Boulevard Hijau THB,-6.183321,106.98406
B00168P,Boulevard Inspeksi Kali Sunter,-6.151094,106.88901
B00169P,Boulevard Janur Elok Raya 1,-6.150581,106.90954
B00170P,Boulevard Janur Elok Raya 2,-6.150553,106.90922
B00171P,Boulevard Kelapa Cengkir Raya,-6.165966,106.90211
B00172P,Boulevard Kelapa Hybrida Raya 1,-6.148453,106.90965
B00173P,Boulevard Kelapa Hybrida Raya 2,-6.148396,106.90935
B00174P,Boulevard Pelepah Raya,-6.159256,106.90317
B00175P,BP3IP Sunter,-6.137845,106.87619
B00176P,BPHN,-6.259724,106.86834
B00177P,BPJS Jaksel,-6.249682,106.84318
B00178P,BPJS Kesehatan Sultan Hasanudin,-6.242517,106.80229
B00179P,BPJS Ketenagakerjaan Marunda,-6.104983,106.93254
B00182P,BPPSPAM,-6.244679,106.80918
B00183P,BRI Jakarta Kota,-6.135104,106.80752
B00184P,BRI Menteng,-6.186792,106.83514
B00185P,Brimob Pejaten Barat 2,-6.270925,106.84644
B00188P,BSD Plaza 1,-6.278263,106.66103
B00189P,BSD Plaza 2,-6.280847,106.66305
B00190P,BSI 1,-6.237724,106.76225
B00191P,BSI 2,-6.237609,106.76252
B00192P,BSI Cengkareng,-6.147973,106.72781
B00194P,BTC 2,-6.258258,107.0206
B00195P,Buaran Plaza,-6.217983,106.9235
B00196P,Buaran Raya,-6.220456,106.92176
B00197P,Buddha Tzu Chi,-6.107998,106.73942
B00198P,Budhaya Santo Agustinus,-6.220866,106.92346
B00199P,Budhi Medika Meruya Utara,-6.196934,106.73231
B00200P,Budi Kemulyaan,-6.180223,106.8178
B00201P,Budiwarman 1,-6.279071,106.87019
B00202P,Budiwarman 2,-6.279048,106.870363
B00203P,Bukit Cinere Indah,-6.340012,106.77991
B00205P,Bukit Duri,-6.21551,106.86293
B00206P,Bulak Rantai,-6.284664,106.87123
B00207P,Bulak Turi,-6.104952,106.97016
B00208P,Bulak Turi 2,-6.105145,106.97009
B00209P,Bulog,-6.237665,106.82917
B00211P,Bumi Jatiwaringin,-6.275283,106.91282
B00213P,Bumi Perkemahan Ragunan,-6.295825,106.82153
B00214P,Bumiputera,-6.206839,106.82234
B00215P,Bunda Hati Kudus Jelambar,-6.165552,106.78484
B00216P,Bundaran Alam Sutera 1,-6.244107,106.64889
B00217P,Bundaran Alam Sutera 2,-6.243905,106.64901
B00218P,Bundaran Cipinang Kebembem,-6.211974,106.88891
B00219P,Bundaran Harapan Indah,-6.183719,106.97727
B00220P,Bundaran Semper,-6.128609,106.91759
B00221P,Bundaran Senayan 1,-6.227445,106.80187
B00222P,Bundaran Senayan 2,-6.227877,106.80068
B00223P,Bundaran Stainless Harapan Indah,-6.178666,106.98132
B00224P,Bundaran Taman Gondangdia 1,-6.194297,106.833189
B00226P,Buperta Cibubur,-6.370321,106.89628
B00227P,Carrefour Buaran,-6.218653,106.9237
B00228P,Carrefour Harapan Indah,-6.187189,106.97684
B00229P,Carrefour Lebak Bulus,-6.287529,106.7768
B00230P,Carrefour Meruya Ilir,-6.197521,106.75129
B00231P,Carrefour Pejaten Barat,-6.267834,106.84529
B00232P,Cawang Blue Bird,-6.248836,106.87801
B00233P,Cawang Blue Bird 2,-6.248866,106.87753
B00234P,Cawang Soetoyo 1,-6.24544,106.87548
B00235P,Cawang Soetoyo 2,-6.245259,106.876
B00236P,Cawang UKI 1,-6.250807,106.87364
B00237P,Cek & Ricek,-6.215349,106.72961
B00238P,Cempaka,-6.277541,106.76223
B00239P,Cempaka Putih Tengah,-6.176736,106.86444
B00240P,Cempaka Timur 2,-6.166318,106.87617
B00241P,Centennial Tower,-6.230377,106.82026
B00242P,Centro Metro Broadway,-6.116362,106.76143
B00243P,Cervino Village,-6.224355,106.85165
B00244P,Chase Plaza,-6.210571,106.82129
B00245P,Child Care Pre School,-6.257557,106.8009
B00247P,Cibubur Indah II,-6.35207,106.88704
B00248P,Cibubur Junction,-6.368735,106.89366
B00249P,Cideng Timur,-6.166537,106.81073
B00250P,Cikajang Wolter Monginsidi,-6.239122,106.81084
B00251P,Cilandak,-6.29195,106.81519
B00252P,Cilandak Tengah,-6.29203,106.8021
B00253P,Cilandak Town Square,-6.291991,106.79967
B00254P,Cililitan,-6.263311,106.86524
B00255P,Cililitan Besar 1,-6.263567,106.86709
B00256P,Cililitan Besar 2,-6.263478,106.86694
B00257P,Cililitan Kecil,-6.261889,106.86423
B00261P,Cipinang Baru Bunder,-6.20713,106.88603
B00262P,Cipinang BKT,-6.229448,106.89288
B00263P,Cipinang Indah,-6.22943,106.89116
B00264P,Cipinang Kb. Nanas 1,-6.231595,106.87615
B00265P,Cipinang Kb. Nanas 2,-6.231453,106.87647
B00266P,Cipinang Lontar,-6.214031,106.88836
B00267P,Cipinang Lontar Rusun Polri,-6.206815,106.88785
B00268P,Cipinang Melayu Kalimalang,-6.240168,106.88473
B00269P,Cipinang Melayu Kalimalang 2,-6.24004,106.8828
B00270P,Cipinang Melayu Kalimalang 3,-6.240143,106.88077
B00271P,Cipinang Muara III Muara Jaya,-6.218869,106.8926
B00272P,Cipta Karya Tata Ruang Pertahanan 1,-6.179781,106.81041
B00273P,Cipta Karya Tata Ruang Pertahanan 2,-6.179903,106.81049
B00274P,Cipta Rasuna Said,-6.216146,106.83087
B00275P,Cipulir 1,-6.237918,106.7749
B00276P,Cirendeu Permai,-6.289561,106.76894
B00278P,City Walk Sudirman,-6.209468,106.81783
B00279P,Classic Hotel,-6.162308,106.83007
B00281P,Condet Raya,-6.280969,106.85517
B00282P,CPI Belakang 1,-6.237437,106.89436
B00283P,CPI Belakang 2,-6.237257,106.89416
B00284P,Curug Kalimalang,-6.24774,106.92454
B00285P,Cut Meutia,-6.187542,106.83294
B00286P,Cyberpark Karawaci,-6.222465,106.61844
B00287P,D Mall,-6.387291,106.8273
B00290P,Dammara,-6.25419,106.83146
B00291P,Dana Reksa,-6.181365,106.82451
B00292P,Danau Agung 1,-6.147281,106.8582
B00293P,Danau Tmp Kalibata,-6.255698,106.84944
B00295P,Dapsus 1,-6.301135,106.79484
B00296P,Dapsus 2,-6.301728,106.79463
B00297P,Dapsus 3,-6.301746,106.79477
B00298P,Dapsus 4,-6.301649,106.79472
B00299P,Darmawangsa Square,-6.253048,106.80116
B00300P,Darul Aitam Pondok Pinang,-6.274498,106.77381
B00301P,Dato Tonggara,-6.283918,106.87222
B00302P,Depo LRT Pegangsaan Dua,-6.15505,106.9137
B00304P,Dewan Pers,-6.182996,106.82709
B00305P,Dharma Bakti Cijantung,-6.318713,106.86463
B00306P,Dinas Kebersihan Duren Sawit,-6.219815,106.92338
B00307P,Dinas Lingkungan Hidup,-6.264168,106.87033
B00308P,Dinas Olahraga Dan Pemuda,-6.219715,106.86802
B00309P,Dinas Pengawasan Dan Penertiban Bangunan,-6.182268,106.81114
B00310P,Dipo Lokomotif Tanah Abang,-6.182333,106.81089
B00311P,Dipo Tower,-6.203007,106.80074
B00312P,Direktorat Jenderal Hortikultura,-6.285538,106.8393
B00313P,Direktorat Jenderal Pajak,-6.224628,106.81558
B00314P,Dirjen Anggaran,-6.227253,106.89881
B00316P,Dishub Jakut,-6.122876,106.89367
B00317P,Dittopad,-6.174759,106.84823
B00318P,Dittopad 2,-6.174618,106.85009
B00319P,DPD Golkar,-6.197504,106.84022
B00320P,DPP FPI,-6.194368,106.80536
B00321P,DPR MPR 1,-6.208517,106.80379
B00322P,DPR MPR 2,-6.206314,106.80194
B00323P,DPRD DKI Jakarta,-6.182886,106.82851
B00324P,Dukuh 5,-6.289913,106.87753
B00325P,Dukuh Atas 3,-6.20565,106.8225
B00326P,Dukuh Atas 4,-6.204819,106.8221
B00327P,Dukuh Permai Residence,-6.302631,106.8785
B00328P,Duren Sawit,-6.233341,106.91006
B00329P,Duren Tiga 1,-6.252132,106.82702
B00330P,Duri Kepa 1,-6.185474,106.76836
B00331P,Duri Kepa 2,-6.185432,106.76854
B00332P,Dwijaya,-6.262287,106.78855
B00333P,Ekowisata Mangrove,-6.121673,106.75482
B00334P,EKS Komplek Gaya Motor,-6.105771,106.93063
B00335P,Embun Pagi Islamic Elementary School,-6.248768,106.92911
B00336P,Embun Pagi Islamic School,-6.247711,106.91892
B00337P,Empang 3,-6.263342,106.84318
B00338P,Enggano 1,-6.110213,106.89246
B00339P,Enggano 2,-6.110031,106.89246
B00340P,Epiwalk Epicentrum,-6.217666,106.83547
B00341P,Erha Clinic,-6.147269,106.89796
B00342P,Essence Dharmawangsa,-6.257365,106.80495
B00344P,Exit Tol UKI,-6.257445,106.87049
B00345P,Exit Tol Veteran Bintaro,-6.262649,106.76654
B00347P,Fatmawati 1,-6.292571,106.79743
B00348P,Fatmawati 2,-6.291994,106.79606
B00349P,Flyover Bintaro,-6.25748,106.76478
B00351P,Flyover HBR Motik 1,-6.152627,106.84989
B00352P,Flyover HBR Motik 2,-6.152807,106.8506
B00354P,Flyover Jatinegara 1,-6.215301,106.87356
B00355P,Flyover Jatinegara 2,-6.215074,106.87332
B00356P,Flyover Jatinegara Atas,-6.214553,106.87388
B00357P,Flyover Jatinegara Bawah,-6.214707,106.87383
B00358P,Flyover Kampung Melayu,-6.22506,106.86483
B00360P,Flyover Karet 2,-6.214808,106.81847
B00361P,Flyover Klender 1,-6.213499,106.90245
B00362P,Flyover Klender 2,-6.213721,106.90252
B00363P,Flyover Ps. Klender 1,-6.211058,106.90153
B00364P,Flyover Ps. Klender 2,-6.211371,106.90103
B00365P,Flyover Pondok Kopi,-6.217758,106.93843
B00366P,Flyover Pulo Gebang 1,-6.210497,106.95047
B00367P,Flyover Pulo Gebang 2,-6.210438,106.95062
B00368P,Flyover Radin Inten 1,-6.216112,106.92439
B00369P,Flyover Radin Inten 2,-6.215843,106.92408
B00371P,Flyover Semanan Indah 2,-6.161743,106.72693
B00372P,Flyover Setiabudi,-6.202064,106.8281
B00373P,Flyover Slipi Kemanggisan,-6.189613,106.79742
B00374P,Flyover Tj. Barat,-6.303059,106.83998
B00376P,Formindo Prima Agung,-6.120335,106.70853
B00377P,Fresh Market PIK,-6.1029,106.74123
B00378P,FX Sudirman,-6.225532,106.8037
B00379P,Gading Griya Lestari,-6.141405,106.92188
B00380P,Gading Harmony,-6.165901,106.90179
B00381P,Gading Nirwana,-6.148645,106.91295
B00382P,Gading Riveria,-6.148327,106.91277
B00383P,Gading Serpong 1,-6.230729,106.64138
B00384P,Gading Serpong 2,-6.230464,106.64147
B00386P,Galeri Niaga Mediterania 1,-6.116646,106.77135
B00388P,Galur 2,-6.174192,106.855
B00389P,Gama Tower,-6.22414,106.83303
B00390P,Gambir 3,-6.178796,106.83095
B00391P,Gandaria City,-6.243912,106.7824
B00394P,Gg. Ahmad Squadron,-6.268976,106.87751
B00395P,Gg. Aim 1,-6.200344,106.9351
B00396P,Gg. Aim 2,-6.200395,106.93515
B00398P,Gg. Al Mawaddah Tengah,-6.287911,106.86292
B00399P,Gg. Alfa Tanah Tinggi,-6.18272,106.84839
B00400P,Gg. Ali,-6.307683,106.87636
B00402P,Gg. Ampera BMW Astra,-6.292546,106.790025
B00403P,Gg. Anawinka Naga Raya,-6.223403,106.90762
B00404P,Gg. Anggur Cipete Dalam,-6.276068,106.80052
B00405P,Gg. Ani Raya Condet,-6.266674,106.86054
B00406P,Gg. Arba Johar Baru,-6.185385,106.85234
B00407P,Gg. Asem Ciracas,-6.321196,106.87024
B00409P,Gg. Asmat Petukangan,-6.244316,106.752
B00410P,Gg. Ayama,-6.27204,106.8671
B00412P,Gg. Balai Rakyat Balekambang,-6.293289,106.85517
B00414P,Gg. Bambu Batu Ampar,-6.281099,106.86023
B00415P,Gg. Barokah Lingkar Timur,-6.19658,106.94405
B00416P,Gg. Barokah Marunda,-6.12779,106.95874
B00419P,Gg. Bengkel Kalisari,-6.33388,106.85263
B00420P,Gg. Beringin,-6.384603,106.8292
B00421P,Gg. Beringin V RS Soekanto,-6.22752,106.93304
B00422P,Gg. Bhakti Lingkar Timur,-6.197075,106.94408
B00423P,Gg. Bidan Baru,-6.327013,106.85027
B00424P,Gg. Bina Citra Susukan,-6.312068,106.87178
B00425P,Gg. Borobudur Ragunan,-6.306803,106.81679
B00426P,Gg. Bungur IX Rambutan,-6.316983,106.88465
B00428P,Gg. Burung Dalam,-6.137017,106.82132
B00429P,Gg. CC Palmerah,-6.201889,106.7883
B00430P,Gg. Cemara Cilandak KKO,-6.299412,106.81475
B00432P,Gg. Cengkeh Lubang Buaya,-6.292786,106.90519
B00433P,Gg. Ciliwung Cililitan,-6.263895,106.86222
B00434P,Gg. Condet Raya Prepedan,-6.111906,106.70561
B00435P,Gg. Damai I Rorotan,-6.150802,106.95604
B00436P,Gg. Damai Lapangan Tembak,-6.347401,106.87448
B00437P,Gg. Damai Lingkar Timur,-6.194933,106.94389
B00438P,Gg. Delima III,-6.295721,106.90362
B00440P,Gg. Elang V Kebantenan,-6.111645,106.92882
B00441P,Gg. Ferry Cibubur,-6.348305,106.87656
B00444P,Gg. Gading II Pisangan Timur,-6.205063,106.88175
B00445P,Gg. Giat Raya Ciracas,-6.330162,106.86968
B00448P,Gg. H Kebantenan III,-6.108365,106.93331
B00450P,Gg. H Satiri Manshur,-6.173907,106.7485
B00452P,Gg. H. Abdul Rohim Marunda,-6.120614,106.957
B00453P,Gg. H. Abdul Rohman,-6.224423,106.90061
B00455P,Gg. H. Abdullah Marunda,-6.125838,106.95684
B00456P,Gg. H. Ahmad Nado,-6.304413,106.80243
B00457P,Gg. H. Amsar,-6.218711,106.77095
B00458P,Gg. H. Anim Semanan,-6.168368,106.70594
B00459P,Gg. H. Ayub,-6.270874,106.79762
B00461P,Gg. H. Bunen 1,-6.232949,106.88516
B00462P,Gg. H. Bunen 2,-6.232848,106.88526
B00464P,Gg. H. Denas,-6.127115,106.90597
B00466P,Gg. H. Emur Pondok Labu,-6.301858,106.79614
B00467P,Gg. H. Ganan,-6.335534,106.81909
B00469P,Gg. H. Jaid Petukangan,-6.246071,106.75194
B00470P,Gg. H. Kamil,-6.185002,106.95902
B00471P,Gg. H. Loong Tengah,-6.286959,106.86299
B00472P,Gg. H. Mesir,-6.337868,106.81624
B00473P,Gg. H. Mujeni Cililitan,-6.263903,106.86228
B00474P,Gg. H. Naim Kembangan Utara,-6.182271,106.73464
B00476P,Gg. H. Saibun Jati Padang,-6.289383,106.82903
B00478P,Gg. H. Salihan Jati Padang,-6.296404,106.82833
B00479P,Gg. H. Sanusi I Ulujami,-6.241758,106.76298
B00480P,Gg. H. Seman Susukan,-6.327213,106.86898
B00481P,Gg. H. Solihin 1 Tebet,-6.22337,106.84837
B00482P,Gg. H. Syarip Sawah Mede,-6.099468,106.70596
B00483P,Gg. H. Untung Rawa Buaya,-6.163734,106.73352
B00484P,Gg. H. Yahya Balekambang,-6.287078,106.85064
B00485P,Gg. H. Yusuf Jati Pdang,-6.292902,106.8287
B00486P,Gg. Harapan I Jagakarsa,-6.313476,106.81269
B00490P,Gg. Jambu,-6.295578,106.89744
B00491P,Gg. Kancil I Lenteng Agung,-6.316507,106.83774
B00492P,Gg. Kancil Marunda,-6.106711,106.96479
B00493P,Gg. Kebembem 3,-6.208366,106.88486
B00494P,Gg. Kelor,-6.211791,106.86043
B00495P,Gg. Kelor 2,-6.211486,106.86066
B00496P,Gg. Kembang II Pagelarang,-6.304986,106.91681
B00498P,Gg. Koperasi Ciracas,-6.327325,106.86902
B00499P,Gg. Kunir II,-6.133132,106.81435
B00500P,Gg. Kurung KDW,-6.330806,106.88214
B00501P,Gg. L Utan Panjang Timur,-6.166888,106.85256
B00502P,Gg. Langga,-6.26626,106.88132
B00503P,Gg. Langgar II,-6.255477,106.79037
B00504P,Gg. Langgar Kelapa Dua,-6.213042,106.76941
B00505P,Gg. Lele Sunter Kemayoran,-6.158253,106.86842
B00506P,Gg. Lestari Cibubur,-6.347515,106.87465
B00507P,Gg. Makmur II,-6.293741,106.90056
B00509P,Gg. Manggis VIII Manggarai Selatan,-6.220354,106.84767
B00510P,Gg. Manggis XIV Tj. Duren,-6.178683,106.78371
B00512P,Gg. Marang,-6.217246,106.74855
B00513P,Gg. Masjid Al Istiqomah Tengah,-6.292614,106.86477
B00514P,Gg. Masjid Al Khaerot Condet,-6.278232,106.85501
B00515P,Gg. Mawar,-6.267096,106.88251
B00516P,Gg. Mawar Kb. Jeruk,-6.197361,106.7672
B00517P,Gg. Molen,-6.30713,106.87629
B00518P,Gg. Muhi Pulo Gebang,-6.210145,106.95833
B00520P,Gg. Mundu II Tengah,-6.293006,106.86333
B00522P,Gg. Musholla Ragunan,-6.308196,106.81588
B00523P,Gg. Nasim Badeh Susukan,-6.312485,106.87029
B00524P,Gg. Nusa Indah Ciracas,-6.326137,106.86874
B00525P,Gg. Oxport Kebantenan VII,-6.110279,106.92941
B00526P,Gg. P Pertamina Marunda,-6.120683,106.95709
B00529P,Gg. Pelangi Damai Raya,-6.248529,106.75345
B00530P,Gg. Perjuangan Petukangan,-6.23389,106.75156
B00531P,Gg. Petamburan I KS Tubun,-6.190162,106.80656
B00532P,Gg. Poncol Malaka III,-6.14769,106.95627
B00533P,Gg. Pos 5,-6.122442,106.92691
B00534P,Gg. Pos Ayam,-6.120971,106.92694
B00536P,Gg. Puskesmas Kebagusan Raya,-6.296645,106.8273
B00537P,Gg. Ramli KS Tubun,-6.191888,106.80594
B00538P,Gg. Randu,-6.221883,106.89946
B00539P,Gg. Reformasi Damai Raya,-6.259917,106.80327
B00544P,Gg. Rukun Lingkar Timur,-6.198644,106.94442
B00546P,Gg. Sabar 2 Lingkar Timur,-6.199915,106.94488
B00547P,Gg. Sabar Lingkar Timur,-6.199577,106.94473
B00548P,Gg. Sadar IV,-6.292873,106.90228
B00550P,Gg. Sahabat Pulo Gebang,-6.212271,106.95588
B00551P,Gg. Saminten,-6.379436,106.84923
B00552P,Gg. Samudera Casa Goya,-6.198942,106.77778
B00553P,Gg. Sapi,-6.304642,106.91132
B00554P,Gg. Sawo 1,-6.20176,106.93513
B00555P,Gg. Sawo 2,-6.201669,106.93518
B00556P,Gg. Sawo Joglo,-6.217751,106.75034
B00557P,Gg. Sawo Rawabinong,-6.304571,106.91141
B00558P,Gg. Sejahtera Lingkar Timur,-6.200604,106.94519
B00560P,Gg. Service,-6.297451,106.90346
B00561P,Gg. Siluman Cililitan Besar,-6.264959,106.8747
B00562P,Gg. Subuh,-6.211257,106.89058
B00564P,Gg. Suzuki,-6.184571,106.90797
B00565P,Gg. Swadaya II Cibubur,-6.361451,106.88461
B00566P,Gg. Swadaya Pagelarang,-6.302646,106.91686
B00567P,Gg. T Palmerah,-6.20445,106.783
B00568P,Gg. Tamansari Ragunan,-6.305488,106.81614
B00570P,Gg. Timbul Jaya Daan Mogot,-6.153096,106.72239
B00571P,Gg. Tongolo,-6.267049,106.88252
B00572P,Gg. Tresna Asih Cililitan,-6.263788,106.86849
B00573P,Gg. Trijaya IV Tebet Timur,-6.232163,106.8528
B00574P,Gg. U Palmerah,-6.202682,106.78279
B00575P,Gg. Umbang Lingkar Timur,-6.189303,106.94454
B00576P,Gg. Usaha Ciracas,-6.319908,106.8726
B00578P,Gg. Waru,-6.305813,106.91201
B00579P,Gardu PLN Gotong Royong,-6.225352,106.89697
B00581P,Garuda Indonesia Training Center,-6.175417,106.72178
B00582P,Garuda Taman Mini 1,-6.290384,106.88174
B00583P,Garuda Taman Mini 2,-6.290148,106.88162
B00584P,Gas Alam,-6.382128,106.86633
B00587P,Gatot Subroto LIPI 2,-6.226792,106.81771
B00588P,GBI Sungai Yordan,-6.166828,106.7698
B00589P,GBK Pintu 7,-6.222095,106.80861
B00591P,Gebu Minang,-6.225359,106.85576
B00592P,Gedong Panjang 2,-6.132546,106.80606
B00595P,Gedung Baja,-6.143784,106.83084
B00596P,Gedung Granadi,-6.231311,106.83301
B00598P,Gedung OT,-6.166688,106.72772
B00599P,Gedung Pertamina,-6.230483,106.78971
B00600P,Gedung Pompa Cideng Siantar,-6.173284,106.80669
B00602P,Gedung Pramuka,-6.111364,106.92566
B00603P,Gedung Senam,-6.224141,106.92339
B00604P,Gedung Wanita,-6.200921,106.83624
B00605P,Gelael,-6.242811,106.8475
B00606P,Gelanggang Remaja Ciracas,-6.33946,106.88226
B00607P,Gelanggang Remaja Grogol Petamburan,-6.178373,106.78094
B00608P,Gelanggang Remaja Pasar Minggu,-6.284615,106.83787
B00609P,Gelanggang Remaja Tj. Priok,-6.13877,106.87193
B00610P,Gelanggang TB Simatupang,-6.289097,106.77909
B00611P,Gelora Bung Karno 1,-6.224642,106.8056
B00612P,Gelora Bung Karno 2,-6.224126,106.80558
B00613P,Gempol,-6.30729,106.89415
B00614P,Gempol Baru 1,-6.186429,106.95439
B00615P,Gempol Baru 2,-6.186351,106.9547
B00616P,Gerbang Tol Bambu Apus 2,-6.308108,106.89647
B00617P,Gerbang Tol Joglo 1,-6.218914,106.74426
B00618P,Gerbang Tol Joglo 2,-6.218702,106.74425
B00621P,Gerbang Tol Meruya Selatan 2,-6.20623,106.73836
B00623P,Gerbang Tol Tj. Duren,-6.173231,106.79049
B00624P,Gerbang Tol Veteran,-6.261369,106.76721
B00625P,Gereja Filipi,-6.104601,106.93692
B00627P,Gereja HKBP Cipete,-6.272186,106.80086
B00628P,Gereja HKBP Duren Sawit,-6.223308,106.91369
B00631P,Gereja Katholik Salib Suci,-6.125765,106.91976
B00632P,Gereja Oikumene,-6.262445,106.88707
B00633P,Gereja Ora Et Labora,-6.110257,106.92607
B00634P,Gereja Protestan Tugu,-6.123642,106.92353
B00635P,Gereja Reformed Injili Indonesia,-6.153049,106.8443
B00636P,Gereja Santa Anna 1,-6.233953,106.90998
B00637P,Gereja Santa Anna 2,-6.234003,106.91014
B00638P,Gereja Santa Maria Imakulata,-6.127632,106.70459
B00640P,Gereja Santo Bonaventura,-6.176577,106.88659
B00641P,Gereja Sumber Kasih,-6.30282,106.78628
B00643P,Giant Ekspres Pondok Kopi,-6.226153,106.94363
B00645P,Giant Pondok Gede 1,-6.278286,106.91327
B00647P,Giant Rawamangun,-6.199861,106.89034
B00648P,GKJ Tj. Priok,-6.105058,106.93214
B00649P,Global SeVilla Pulo Mas,-6.183941,106.88694
B00652P,Gojek Kemang Timur,-6.272963,106.82142
B00654P,Golden Fatmawati,-6.276685,106.79761
B00655P,Golf Bandar Kemayoran,-6.143748,106.85374
B00656P,Gongseng,-6.326712,106.86376
B00658P,GOR Cipayung 2,-6.30798,106.91932
B00659P,GOR Ciracas,-6.325147,106.86413
B00662P,GOR Popki Cibubur,-6.3675,106.88923
B00663P,GOR Sumantri 1,-6.220899,106.83225
B00664P,GOR Sumantri 2,-6.221038,106.83189
B00665P,GP Mall 1,-6.259636,107.01988
B00666P,GP Mall 2,-6.259474,107.01987
B00667P,GPIB Bukit Moria,-6.241727,106.84454
B00668P,Gracious,-6.153865,106.80789
B00670P,Graha Delta Tengah,-6.293105,106.85972
B00671P,Graha Dirgantara,-6.255702,106.88296
B00672P,Graha Kayu Manis,-6.288287,106.85201
B00673P,Graha Kemenpora,-6.214153,106.79891
B00674P,Graha Kirana,-6.150359,106.88755
B00676P,Graha Morris,-6.15147,106.89798
B00678P,Graha Nusantara,-6.276867,106.76244
B00679P,Graha Pejaten,-6.277337,106.84187
B00682P,Graha Sindu Bpk Penabur,-6.159971,106.83509
B00683P,Graha Sucofindo,-6.251886,106.84248
B00684P,Graha Werdatama Pondok Labu,-6.309163,106.79461
B00685P,Gramedia Harapan Indah,-6.17631,106.97427
B00686P,Grand Boutique Centre,-6.13531,106.82948
B00687P,Grand Cempaka Hotel,-6.173334,106.86075
B00688P,Grand Centro Bintaro,-6.258839,106.75968
B00689P,Grand Dhika City,-6.261877,107.01858
B00692P,Grand Palm,-6.178166,106.71541
B00693P,Grand Pasar Minggu,-6.290648,106.84236
B00694P,Grand Sahid,-6.210975,106.82059
B00695P,Grand Wijaya Dharmawangsa,-6.254752,106.80034
B00697P,Green Lake City,-6.177644,106.71198
B00698P,Green Permata,-6.229061,106.76065
B00699P,Green Puri,-6.174128,106.70684
B00700P,Green Terrace,-6.303484,106.88539
B00701P,Green Terrace 2,-6.30478,106.88724
B00702P,Greenlife Ciracas,-6.327194,106.88265
B00703P,Grha Intirub,-6.265216,106.87599
B00704P,Grha Intirub 2,-6.265491,106.87672
B00706P,Grha Sera,-6.14965,106.88503
B00707P,Grii Kelapa Gading,-6.145063,106.90953
B00709P,Griya Ardhya Garini 2,-6.259544,106.88942
B00710P,Griya Galaxy 126,-6.283553,106.86431
B00713P,Griya Kukila Halim Perdanakusuma,-6.28456,106.90678
B00715P,Groserindo,-6.249011,107.01686
B00716P,Guardian Apotek,-6.176403,106.87262
B00717P,Gubah Al Haddad,-6.107712,106.89961
B00718P,Gunawarman 1,-6.237947,106.80724
B00719P,Gunawarman 2,-6.234276,106.80756
B00720P,Gunung Agung,-6.181755,106.83717
B00721P,Gunung Sahari Mangga Dua Barat,-6.137083,106.83229
B00722P,Gunung Sahari Mangga Dua Timur,-6.137032,106.83254
B00723P,H Soleh I Sukabumi Selatan,-6.219658,106.77847
B00726P,H. Alwi,-6.309595,106.8389
B00727P,H. Moh Nail,-6.379503,106.85084
B00728P,H. Naman Noer Ali,-6.248932,106.94208
B00730P,H. Nawi Jln. Timbul,-6.268439,106.79744
B00731P,H. Samali,-6.265888,106.84407
B00732P,Halim PK,-6.241981,106.87792
B00733P,Halimun 1,-6.205233,106.8335
B00762P,Harapan Indah Boulevard,-6.186073,106.97502
B00763P,Harco Mangga Dua,-6.135648,106.82957
B00764P,Haris Hotel Kelapa Gading,-6.157718,106.91053
B00767P,Hero Basuki Rahmat,-6.22764,106.88296
B00768P,HKBP Petukangan,-6.236688,106.75099
B00769P,HKBP Rawamangun,-6.196463,106.88597
B00770P,Honda Letjen Suprapto,-6.174933,106.84973
B00772P,Hotel Ambhara Blok M,-6.243499,106.80318
B00774P,Hotel Borobudur 2,-6.159653,106.83912
B00775P,Hotel Kalisma KS Tubun,-6.188855,106.80824
B00777P,Hotel Mega Anggrek,-6.184825,106.78994
B00778P,Hotel Melawai,-6.245857,106.79979
B00779P,Hotel Millenium Kb. Sirih,-6.182679,106.81639
B00780P,Hotel Mulia,-6.213782,106.79602
B00786P,Ibik 57,-6.333957,106.833
B00788P,IGI,-6.182981,106.91917
B00789P,IKEA,-6.171735,106.95336
B00790P,Imam Bonjol,-6.196105,106.824377
B00791P,Imigrasi Jaktim 1,-6.214787,106.88182
B00792P,Imigrasi Jaktim 2,-6.214552,106.8818
B00793P,Imigrasi Kelas 1 Jakut,-6.145052,106.89379
B00794P,Imigrasi Kelas I Jaksel,-6.273244,106.77478
B00795P,Imperium,-6.210363,106.83059
B00798P,Industri SPBU Shell,-6.146556,106.83541
B00801P,Institut Teknologi Budi Utomo,-6.221618,106.93914
B00802P,Institut Teknologi Budi Utomo 1,-6.221862,106.93932
B00803P,Institut Teknologi Budi Utomo 2,-6.221926,106.93933
B00804P,Intakindo,-6.208861,106.81018
B00805P,Ir H Djuanda,-6.381864,106.86551
B00806P,IRTI,-6.1803,106.82618
B00807P,Iskandar Muda,-6.2443,106.78249
B00808P,Islamic,-6.228521,106.61473
B00809P,Islamic Centre Wasilah Subuh,-6.33663,106.89768
B00810P,Istiqlal 1,-6.172371,106.83071
B00813P,ITC Cipulir,-6.237701,106.76515
B00815P,ITC Mangga Dua,-6.136085,106.82549
B00816P,ITC Roxy,-6.16737,106.80248
B00817P,ITC Serpong 1,-6.286016,106.66493
B00818P,ITC Serpong 2,-6.286624,106.66563
B00821P,Jagakarsa St. Lenteng Agung,-6.332399,106.83506
B00822P,Jagal 1,-6.190849,106.93465
B00823P,Jagal 2,-6.190792,106.93472
B00824P,Jaha,-6.292428,106.81245
B00825P,Jak Lingko Tanah Abang 2,-6.183885,106.81165
B00826P,Jakarta International Velodrome,-6.193313,106.89
B00828P,Jakarta Islamic Centre 1,-6.119721,106.91704
B00829P,Jakarta Islamic Centre 2,-6.122114,106.91694
B00830P,Jakarta Islamic Hospital,-6.299909,106.86966
B00831P,Jakarta Taipei School,-6.146149,106.90586
B00832P,Jln. AA Sukabumi Selatan,-6.222492,106.77165
B00833P,Jln. Abdulrahman Cibubur,-6.363666,106.88413
B00834P,Jln. Acin Gaton,-6.329381,106.8825
B00835P,Jln. Adam Malik,-6.237023,106.74712
B00836P,Jln. Adam Sukabumi Utara,-6.208434,106.78322
B00837P,Jln. Adem Ayem,-6.174171,106.96342
B00838P,Jln. Adiaksa II,-6.291913,106.78024
B00839P,Jln. Adil,-6.297278,106.90291
B00840P,Jln. Adil 2,-6.29588,106.90347
B00841P,Jln. Al Baidho 1,-6.293763,106.9046
B00842P,Jln. Al Falah Duri Kosambi,-6.178709,106.71726
B00843P,Jln. Al Hidayah Balekambang,-6.288369,106.85204
B00844P,Jln. Al Hidayah Basmol,-6.163241,106.75058
B00845P,Jln. Al Islamiyah Grogol Selatan,-6.225526,106.7765
B00846P,Jln. Al Marbuk II Balekambang,-6.286247,106.85047
B00848P,Jln. Albarkah I Cilandak,-6.285505,106.79964
B00849P,Jln. Albarkah II Cilandak,-6.287157,106.80173
B00850P,Jln. Alhidayah III,-6.298639,106.9064
B00853P,Jln. Ampera VI Gunung Sahari,-6.135162,106.83211
B00854P,Jln. Anggrek Jagakarsa,-6.335708,106.81898
B00856P,Jln. Anggrek Srengseng,-6.19818,106.75616
B00857P,Jln. Anggur KDW,-6.334146,106.88073
B00860P,Jln. Angkasa 1,-6.1508,106.84111
B00861P,Jln. Angkasa Bundaran Kemayoran,-6.156032,106.85067
B00862P,Jln. Angsana Kemanggisan,-6.194934,106.78208
B00864P,Jln. Anugrah Raya,-6.258951,106.91029
B00865P,Jln. Ar Ridho,-6.308148,106.86935
B00866P,Jln. Arus Jati,-6.208011,106.90193
B00867P,Jln. As Syafiiyah Raya Cilangkap,-6.338197,106.89899
B00868P,Jln. Aselih,-6.347277,106.79695
B00870P,Jln. Asem Cijantung,-6.326133,106.86322
B00873P,Jln. Asem Pengantin Ali,-6.324709,106.88366
B00874P,Jln. Asia Baru I,-6.169601,106.77103
B00875P,Jln. Asmin 2,-6.308725,106.87205
B00876P,Jln. Asshofa Raya,-6.213287,106.78166
B00879P,Jln. B Basmol Raya,-6.161701,106.75176
B00881P,Jln. Bacang Lubang Buaya,-6.288935,106.89713
B00882P,Jln. Bak Air 1,-6.115015,106.87245
B00883P,Jln. Bakti,-6.249166,107.01577
B00884P,Jln. Bakti Cililitan Besar,-6.265522,106.87663
B00886P,Jln. Balai Rakyat,-6.224651,106.8991
B00887P,Jln. Balap Sepeda IV,-6.189168,106.89107
B00888P,Jln. Bambu Hubuny,-6.308983,106.89799
B00889P,Jln. Bambu I Srengseng,-6.2067,106.75853
B00890P,Jln. Bambu II Srengseng,-6.211011,106.75922
B00891P,Jln. Bambu Kuning,-6.309556,106.89894
B00892P,Jln. Bambu Ori I,-6.239082,106.9079
B00893P,Jln. Bambu Ori Raya,-6.239118,106.90768
B00894P,Jln. Bandengan Utara 1,-6.13609,106.80391
B00895P,Jln. Bangka I,-6.240656,106.82043
B00897P,Jln. Banjarsari II,-6.291119,106.79511
B00898P,Jln. Barkah III Manggarai Selatan,-6.220809,106.85067
B00899P,Jln. Baros,-6.311046,106.784
B00900P,Jln. Baru 1,-6.196981,106.62583
B00901P,Jln. Baru Tanah Merdeka,-6.307818,106.87362
B00902P,Jln. Basuki Raya Cilangkap,-6.34166,106.90546
B00903P,Jln. Batang Hari Cideng Barat,-6.173482,106.81125
B00906P,Jln. Batas II Baru,-6.329867,106.85238
B00907P,Jln. Batu 1,-6.268701,106.846
B00908P,Jln. Batu Permata V,-6.279588,106.86244
B00910P,Jln. Batu Tulis II,-6.280482,106.86271
B00912P,Jln. Batu Tulis Raya,-6.162969,106.82658
B00914P,Jln. Batu Tumbuh,-6.272596,106.86722
B00916P,Jln. BB Sukabumi Selatan,-6.221637,106.77171
B00917P,Jln. BB Utara,-6.120279,106.79409
B00920P,Jln. Bekasi Timur I Jatinegara,-6.215457,106.87083
B00921P,Jln. Bekasi Timur V,-6.215085,106.87684
B00922P,Jln. Bekasi Timur VI,-6.214956,106.87866
B00923P,Jln. Belanak II Rawamangun,-6.200972,106.89065
B00924P,Jln. Belanak III Rawamangun,-6.202063,106.89159
B00925P,Jln. Belimbing Terusan,-6.115462,106.92147
B00926P,Jln. Bendi Baru,-6.253319,106.77658
B00928P,Jln. Bendungan Hilir Gg. II,-6.21388,106.81353
B00932P,Jln. Bendungan Melayu,-6.129991,106.90354
B00933P,Jln. Berlian II Pondok Labu,-6.298412,106.79927
B00934P,Jln. Bidara Raya Jati Pulo,-6.180551,106.80285
B00935P,Jln. Bima Bojong Raya,-6.168827,106.73414
B00936P,Jln. Bima I Cijantung,-6.326321,106.85853
B00938P,Jln. Bina Harapan,-6.254258,106.84271
B00939P,Jln. Bina Lontar 1,-6.269343,106.91171
B00941P,Jln. Bojong Indah Raya,-6.16196,106.73289
B00943P,Jln. Bojong Raya,-6.171085,106.72838
B00944P,Jln. Bougenvil Indah,-6.181045,106.98008
B00946P,Jln. Buah Cijantung,-6.329411,106.86572
B00947P,Jln. Buaran III,-6.22065,106.91916
B00948P,Jln. Budi Jaya,-6.126294,106.88473
B00950P,Jln. Bulak Barat V Klender,-6.217018,106.90373
B00951P,Jln. Bulak Sari,-6.263408,106.75665
B00954P,Jln. Bulungan 2,-6.239771,106.79658
B00955P,Jln. Bumi Pratama III,-6.296434,106.87835
B00958P,Jln. Bunga Cempaka II Cipete,-6.26868,106.80636
B00959P,Jln. Bungur,-6.247708,106.7814
B00960P,Jln. Bungur Akses Term. 1,-6.311699,106.885
B00961P,Jln. Bungur Akses Term. 2,-6.311895,106.8849
B00962P,Jln. Bungur Besar VI,-6.171611,106.84386
B00964P,Jln. Bungur I Rambutan,-6.313156,106.88475
B00965P,Jln. Bungur II Rambutan,-6.313168,106.8847
B00966P,Jln. Bungur IV Rambutan,-6.314442,106.88464
B00968P,Jln. Busika Raya Ciracas,-6.330017,106.87304
B00971P,Jln. Cakrawala,-6.264083,106.88424
B00972P,Jln. Cakrawijaya II,-6.232475,106.88748
B00974P,Jln. Cek Do Abdul Rahman,-6.29084,106.86563
B00975P,Jln. Cempaka Bawah Jati Pulo,-6.180729,106.80286
B00977P,Jln. Cempaka Putih Barat II B-C,-6.175286,106.85993
B00978P,Jln. Cempaka Putih Barat III,-6.176146,106.86188
B00980P,Jln. Cempaka Putih Tengah XVI,-6.176206,106.86558
B00985P,Jln. Cempaka Raya,-6.175557,106.85976
B00986P,Jln. Cempaka Srengseng Sawah,-6.34463,106.82821
B00988P,Jln. Cendana Cibubur,-6.352173,106.8783
B00990P,Jln. Cibubur I,-6.346745,106.87343
B00992P,Jln. Cibubur III,-6.348146,106.87635
B00993P,Jln. Cibubur Indah V,-6.350069,106.88415
B00994P,Jln. Cibubur IV,-6.34947,106.87613
B00998P,Jln. Cideng Barat Dalam,-6.181322,106.8132
B00999P,Jln. Cideng Timur I,-6.169801,106.81103
B01000P,Jln. Cikoko Timur I,-6.244291,106.85863
B01001P,Jln. Cilandak V,-6.287313,106.79558
B01002P,Jln. Cilincing Bakti,-6.106467,106.93353
B01004P,Jln. Cilincing Baru Raya,-6.106927,106.92672
B01005P,Jln. Cipayung Barat I,-6.330893,106.8881
B01007P,Jln. Cipinang Bali III,-6.239272,106.89136
B01008P,Jln. Cipinang Jagal,-6.211166,106.89556
B01009P,Jln. Cipinang Muara III,-6.220029,106.8995
B01010P,Jln. Cipinang Tengah,-6.239989,106.88723
B01011P,Jln. Cipinang Timur Persahabatan,-6.202447,106.89344
B01012P,Jln. Cipulir 1,-6.237267,106.7754
B01013P,Jln. Citra Garden 3,-6.127106,106.7047
B01014P,Jln. Ciujung Cideng Barat,-6.176346,106.81197
B01015P,Jln. Curug Raya Kalimalang,-6.248303,106.92306
B01018P,Jln. Daan Mogot I,-6.165723,106.78442
B01019P,Jln. Daan Mogot II,-6.16509,106.77951
B01020P,Jln. Dahlia KDW,-6.348905,106.88437
B01023P,Jln. Damai Kalisari,-6.338531,106.86
B01024P,Jln. Damai Lubang Buaya,-6.291394,106.90593
B01026P,Jln. Damai Musyawarah,-6.310672,106.80576
B01027P,Jln. Damai PBSI Cilangkap,-6.332964,106.89167
B01028P,Jln. Damai Raya,-6.248569,106.75674
B01029P,Jln. Damai Susukan,-6.316684,106.87314
B01030P,Jln. Danau Indah Timur,-6.150051,106.88153
B01031P,Jln. Danau Singkarak,-6.207851,106.81109
B01033P,Jln. Daud I Sukabumi Utara,-6.206437,106.77434
B01036P,Jln. Delima V,-6.175306,106.78362
B01037P,Jln. Depsos Raya,-6.263491,106.7663
B01038P,Jln. Deri Ayama 1,-6.272384,106.86685
B01040P,Jln. Dermaga Raya,-6.219151,106.89969
B01041P,Jln. Dewi Sinta,-6.167442,106.91
B01042P,Jln. Duku Gg. Mantang,-6.112126,106.90832
B01043P,Jln. Duku Gg. Wisma,-6.112159,106.90977
B01045P,Jln. Duku Raya,-6.245761,106.78413
B01046P,Jln. Dukuh II,-6.288462,106.87563
B01047P,Jln. Dukuh III,-6.288611,106.8757
B01048P,Jln. Dul Djaim Cipedak,-6.36178,106.80714
B01049P,Jln. Duri Bulan Batu Ampar,-6.278857,106.8607
B01050P,Jln. Duri Selatan III,-6.160101,106.80809
B01052P,Jln. Duri Tss Raya,-6.156296,106.80807
B01054P,Jln. EE Sukabumi Selatan,-6.213416,106.77895
B01055P,Jln. Elang Laut Kamal,-6.124468,106.74879
B01056P,Jln. Elpa Putih II,-6.110053,106.88721
B01058P,Jln. Flamboyan,-6.297424,106.89605
B01059P,Jln. Flamboyan Berdikari,-6.120868,106.89439
B01060P,Jln. Flamboyan Indah II,-6.175006,106.98186
B01061P,Jln. Flamboyan Srengseng,-6.201831,106.75594
B01062P,Jln. Gabus Raya,-6.301222,106.83623
B01063P,Jln. Gading Ayu I,-6.148155,106.90987
B01067P,Jln. Gading Mas Barat IV,-6.167384,106.91019
B01071P,Jln. Gading Raya V,-6.206931,106.88186
B01073P,Jln. Galur Jaya,-6.174642,106.85441
B01074P,Jln. Gambas Kodam Bintaro,-6.259766,106.7573
B01077P,Jln. Gedong Panjang 1,-6.133254,106.806
B01078P,Jln. Gempol Raya,-6.307501,106.89495
B01079P,Jln. Giri Kencana Raya Cilangkap,-6.340412,106.90292
B01080P,Jln. Gorontalo II,-6.11345,106.88277
B01081P,Jln. Gorontalo III,-6.114008,106.88207
B01082P,Jln. Gorontalo Sungai Bambu,-6.114713,106.88118
B01083P,Jln. Gotong Royong,-6.260007,106.79662
B01084P,Jln. Gotong Royong Cipinang Muara,-6.227649,106.89623
B01085P,Jln. Grafika,-6.290158,106.77095
B01088P,Jln. Guru Saleh,-6.257895,106.76611
B01089P,Jln. H Briti B,-6.186247,106.75508
B01090P,Jln. H Emuntipala I,-6.27689,106.8773
B01091P,Jln. H Mahid,-6.292494,106.88881
B01092P,Jln. Hadiah Utama II,-6.161501,106.77987
B01094P,Jln. H. Ahmad,-6.262573,106.78857
B01095P,Jln. H. Ali Solihin Cibubur,-6.359265,106.87595
B01096P,Jln. H. Aman,-6.226789,106.92316
B01099P,Jln. H. Buang,-6.296921,106.89716
B01100P,Jln. H. Buang Ulujami,-6.247805,106.76313
B01101P,Jln. H. Daud,-6.223747,106.77167
B01102P,Jln. H. Gandun,-6.311012,106.78671
B01103P,Jln. H. Gari,-6.256091,106.75965
B01106P,Jln. H. Ipin,-6.311098,106.79357
B01109P,Jln. H. Jian 2B Cipete,-6.264499,106.80426
B01110P,Jln. H. Jimin Petukangan,-6.233324,106.75159
B01114P,Jln. H. Khair,-6.30416,106.82083
B01115P,Jln. H. Kincan Rawa Buaya,-6.164413,106.7355
B01117P,Jln. H. Koon,-6.311078,106.78659
B01118P,Jln. H. Mading Kembangan,-6.184607,106.735986
B01119P,Jln. H. Mahi,-6.169169,106.96241
B01120P,Jln. H. Maisin Petukangan,-6.236635,106.75249
B01122P,Jln. H. Marzuki Raya Bogor,-6.328327,106.86483
B01123P,Jln. H. Mawar Sunter,-6.157856,106.86771
B01126P,Jln. H. Muala Palmerah,-6.198447,106.7877
B01127P,Jln. H. Muhajar,-6.222549,106.77168
B01128P,Jln. H. Muhammad Sukabumi Utara,-6.203587,106.77645
B01130P,Jln. H. Muslim,-6.309044,106.79365
B01131P,Jln. H. Nasir Srengseng,-6.205389,106.75825
B01132P,Jln. H. Nirin I Petukangan,-6.247926,106.75195
B01134P,Jln. H. Peeng Kb. Jeruk,-6.198859,106.7773
B01135P,Jln. H. Raijin,-6.272541,106.86378
B01136P,Jln. H. Ridi Swadarma,-6.235424,106.76077
B01138P,Jln. H. Saibun Susukan,-6.31643,106.86732
B01139P,Jln. H. Saidi,-6.303505,106.84433
B01141P,Jln. H. Sanusi Taming,-6.184708,106.77783
B01142P,Jln. H. Selong Duri Kosambi,-6.171865,106.72212
B01145P,Jln. H. Sidan,-6.280439,106.88257
B01146P,Jln. H. Tamin S,-6.16011,106.87705
B01147P,Jln. H. Terin Pangkalan Jati,-6.327961,106.80054
B01148P,Jln. H. Tohir,-6.224866,106.77157
B01149P,Jln. H. Ung,-6.164059,106.85306
B01150P,Jln. H. Untung Bojong Raya,-6.170258,106.73355
B01151P,Jln. H. Zainuddin,-6.259083,106.78936
B01153P,Jln. Ikan Hias Batu Ampar,-6.27255,106.86272
B01154P,Jln. IKPN Bintaro,-6.25997,106.76787
B01155P,Jln. Indraloka Gg. VIII,-6.154231,106.77871
B01157P,Jln. Industri 2,-6.203092,106.62023
B01158P,Jln. Industri I,-6.147508,106.83679
B01159P,Jln. Industri III,-6.146214,106.83492
B01160P,Jln. Industri Suci Raya,-6.312223,106.86972
B01161P,Jln. Industri Tj. Priok,-6.118624,106.86783
B01162P,Jln. Inspeksi Kali Pesanggrahan Barat,-6.208392,106.76467
B01163P,Jln. Irigasi THB,-6.18227,106.99334
B01164P,Jln. Janur Elok IX,-6.144832,106.90223
B01165P,Jln. Janur Hijau IV,-6.171558,106.89825
B01166P,Jln. Janur Indah XI,-6.155924,106.90801
B01167P,Jln. Jatinegara Timur II,-6.218464,106.87018
B01168P,Jln. Jatinegara Timur III,-6.218533,106.86864
B01169P,Jln. Jatinegara Timur IV,-6.222457,106.86816
B01170P,Jln. Jatipadang Poncol,-6.297767,106.83089
B01173P,Jln. Jelambar Barat IIIB,-6.150348,106.78321
B01174P,Jln. Jelambar Utama Sakti VIII,-6.153789,106.77908
B01176P,Jln. Jembatan Merah,-6.145356,106.83323
B01178P,Jln. Jeruk Garut,-6.183912,106.7777
B01179P,Jln. Jeruk Joglo Barat,-6.218007,106.7572
B01181P,Jln. Jeruk Nipis,-6.197556,106.76575
B01182P,Jln. Jiban I Grogol Selatan,-6.233904,106.78375
B01183P,Jln. Jiban II Grogol Selatan,-6.233634,106.78176
B01184P,Jln. Kaimun Jaya,-6.292537,106.78705
B01185P,Jln. Kaja II KDW,-6.330882,106.88203
B01186P,Jln. Kaja Raya Ciracas,-6.328241,106.88214
B01187P,Jln. Kalanada Dewa Kembar,-6.108078,106.92544
B01188P,Jln. Kali Baru Timur VII,-6.166793,106.85223
B01189P,Jln. Kaliabang Dukuh,-6.183299,106.98515
B01190P,Jln. Kaliabang Rorotan,-6.128157,106.96325
B01191P,Jln. Kalibaru Timur III,-6.171701,106.85198
B01192P,Jln. Kamboja Ujung,-6.18333,106.80307
B01195P,Jln. Kampung Baru,-6.170069,106.74932
B01196P,Jln. Kampung Baru II Swadarma,-6.227325,106.76059
B01198P,Jln. Kampung Baru V Swadarma,-6.224839,106.76071
B01199P,Jln. Kampung Utan Cilandak KKO,-6.30194,106.81439
B01200P,Jln. Kapuas Cideng Barat,-6.175132,106.81166
B01201P,Jln. Kapuk 2,-6.216186,106.90024
B01202P,Jln. Kapuk 3,-6.217924,106.89993
B01203P,Jln. Kapuk Bambu Apus,-6.30636,106.91366
B01204P,Jln. Karang Tengah Raya,-6.309964,106.78105
B01205P,Jln. Karet Pasar Baru Barat I,-6.20469,106.8164
B01206P,Jln. Karet Pasar Baru Barat IV,-6.209179,106.81756
B01207P,Jln. Karet Pasar Baru Barat VII,-6.212105,106.81764
B01208P,Jln. Karet Pasar Baru Timur II,-6.203949,106.81636
B01209P,Jln. Kartika Meruya Selatan,-6.203099,106.73673
B01210P,Jln. Karya 2,-6.295061,106.90028
B01211P,Jln. Karya Bakti III Cijantung,-6.325758,106.86079
B01212P,Jln. Karya Bakti Srengseng,-6.220785,106.76032
B01213P,Jln. Karya Mandiri Srengseng,-6.219143,106.76028
B01214P,Jln. Karya Sakti Srengseng,-6.216001,106.76008
B01215P,Jln. Karya Sari Srengseng,-6.216531,106.76011
B01216P,Jln. Karya Utama,-6.217168,106.76249
B01217P,Jln. Kavling PGRI,-6.182399,106.99332
B01219P,Jln. Kayu Putih Selatan III,-6.187972,106.89525
B01220P,Jln. Kayu Putih Utara C,-6.180097,106.89222
B01221P,Jln. Kayu Tinggi,-6.18465,106.94523
B01224P,Jln. Kebagusan III,-6.309083,106.82708
B01225P,Jln. Kebagusan Wates,-6.315014,106.82531
B01228P,Jln. Kebembem,-6.338355,106.82263
B01230P,Jln. Kb. Bawang XIII,-6.11557,106.88687
B01231P,Jln. Kb. Jahe II,-6.180487,106.81753
B01232P,Jln. Kb. Kacang VIII,-6.187181,106.81827
B01233P,Jln. Kb. Kacang X,-6.18713,106.8201
B01235P,Jln. Kb. Nanas,-6.220356,106.78136
B01238P,Jln. Kb. Nanas Selatan II,-6.231955,106.87124
B01239P,Jln. Kb. Nanas Utara,-6.231512,106.87125
B01240P,Jln. Kb. Nanas V Grogol Utara,-6.219885,106.77855
B01241P,Jln. Kb. Nanas V Permata Hijau,-6.220567,106.78137
B01242P,Jln. Kb. Pala II,-6.214256,106.8618
B01243P,Jln. Kecapi,-6.17224,106.91058
B01245P,Jln. Kelapa Cengkir Barat VIII,-6.163304,106.90375
B01246P,Jln. Kelapa Dua,-6.216557,106.76997
B01247P,Jln. Kelapa Gading III Cililitan Besar,-6.263858,106.86859
B01248P,Jln. Kelapa Hybrida 10,-6.144495,106.90988
B01249P,Jln. Kelapa Hybrida IV,-6.146604,106.90973
B01250P,Jln. Kelapa Kopyor Barat IV,-6.168927,106.90405
B01252P,Jln. Kelapa Nias IV,-6.152909,106.90938
B01253P,Jln. Kelapa Puyuh I,-6.17497,106.90231
B01257P,Jln. Kemandoran III Grogol Utara,-6.206938,106.78618
B01258P,Jln. Kemandoran VI Grogol Utara,-6.208236,106.78331
B01259P,Jln. Kemandoran VII Grogol Utara,-6.209631,106.78344
B01260P,Jln. Kemandoran VIII Grogol Utara,-6.211025,106.78358
B01262P,Jln. Kemang III,-6.260088,106.81548
B01263P,Kemang 4,-6.260102,106.81537
B01264P,Jln. Kemang Selatan I,-6.264858,106.81618
B01266P,Kemang 8,-6.268802,106.81555
B01267P,Jln. Kemang Timur XI,-6.265541,106.82384
B01270P,Jln. Kemanggisan Utama VII,-6.191061,106.7857
B01271P,Jln. Kemenyan Ciganjur,-6.339055,106.80508
B01272P,Jln. Kenanga,-6.287468,106.81848
B01273P,Jln. Kencana Muria Setiabudi,-6.210088,106.83703
B01276P,Jln. Kesadaran Kali Malang,-6.239286,106.88739
B01277P,Jln. Kesadaran Pool Bus 1,-6.182475,106.91309
B01278P,Jln. Kesadaran Pool Bus 2,-6.182447,106.91465
B01279P,Jln. Kesatuan Cengkareng Barat,-6.150185,106.71835
B01280P,Jln. Kesehatan IV Cideng Timur,-6.172622,106.81142
B01281P,Jln. Keselamatan 2 Manggarai Selatan,-6.220617,106.84867
B01282P,Jln. KH A Wahab I,-6.154911,106.72709
B01283P,Jln. KH Abdul Hamid Duri Kosambi,-6.179,106.71959
B01284P,Jln. KH Aja Meruya Selatan,-6.200687,106.74099
B01285P,Jln. KH Cholil,-6.200518,106.78694
B01287P,Jln. KH Hasim,-6.185382,106.73139
B01288P,Jln. Kober Balekambang,-6.282428,106.84937
B01289P,Jln. Komarudin Timur Lingkar Timur,-6.196226,106.94401
B01291P,Jln. Komplek Migas V Palmerah,-6.197003,106.78772
B01292P,Jln. Komplek Polri Foremos,-6.335144,106.86794
B01293P,Jln. Kota Bambu Raya,-6.186802,106.80783
B01294P,Jln. Kota Bambu Selatan IV,-6.189285,106.80164
B01295P,Jln. KPBD,-6.223548,106.77843
B01296P,Jln. Kramat Cipedak,-6.363585,106.80336
B01297P,Jln. Kramat I Rawabinong,-6.298205,106.9054
B01298P,Jln. Kramat II Rawabinong,-6.298627,106.90654
B01299P,Jln. Kramat III Rawabinong,-6.299055,106.90782
B01300P,Jln. Kramat IV Rawabinong,-6.299375,106.909219
B01301P,Jln. Kramat Lubang Buaya,-6.291363,106.90599
B01303P,Jln. Kramat V Rawabinong,-6.300009,106.91039
B01304P,Jln. KRI Harimau,-6.253467,106.79112
B01305P,Jln. Krupuk,-6.312683,106.91301
B01306P,Jln. KS Tubun II,-6.1919,106.80579
B01308P,Jln. Kunang Kunang 1,-6.256656,107.02149
B01309P,Jln. Kunang Kunang 2,-6.25692,107.02125
B01310P,Jln. Kuning Tua,-6.164733,106.90996
B01311P,Jln. Kwitang Timur,-6.173788,106.85185
B01312P,Jln. Lagoa Kanal,-6.111979,106.88416
B01313P,Jln. Langgar,-6.218336,106.75392
B01315P,Jln. Lapangan Merah,-6.218499,106.75514
B01316P,Jln. Lapangan Ros II Bukit Duri,-6.22434,106.85512
B01317P,Jln. Lapangan Ros III Bukit Duri,-6.22093,106.85398
B01319P,Jln. Leman Bambu Batas,-6.241589,106.89848
B01320P,Jln. Lembah Palem Pondok Kelapa,-6.236358,106.93438
B01323P,Jln. Limo Jatinegara Timur,-6.223388,106.86808
B01324P,Jln. Lorong 19,-6.107881,106.89701
B01325P,Jln. Lorong 22,-6.108141,106.89932
B01326P,Jln. Lorong 4,-6.107701,106.89492
B01327P,Jln. Lorong 5,-6.107716,106.8955
B01328P,Jln. Lotus Indah,-6.116215,106.76534
B01329P,Jln. M Sarbini Munggang,-6.276747,106.85169
B01330P,Jln. Madrasah Al Husna,-6.299956,106.77531
B01331P,Jln. Madrasah Bambu Batas,-6.241656,106.89874
B01332P,Jln. Madrasah Daan Mogot,-6.155691,106.70774
B01333P,Jln. Madrasah Duri Kosambi,-6.179068,106.72159
B01334P,Jln. Madrasah I Bojong Raya,-6.168523,106.7341
B01335P,Jln. Madrasah II Sukabumi Selatan,-6.209608,106.78336
B01337P,Jln. Madrasah Sukabumi Utara,-6.203292,106.77151
B01338P,Jln. Majalah,-6.232603,106.88758
B01339P,Jln. Majelis Meruya Ilir,-6.197218,106.75773
B01340P,Jln. Makam,-6.238418,106.77745
B01341P,Jln. Makmur,-6.30788,106.86715
B01342P,Jln. Makmur Raya Bogor,-6.309281,106.86352
B01343P,Jln. Malaka HB Rorotan,-6.142495,106.95634
B01344P,Jln. MAN 2,-6.300627,106.88067
B01345P,Jln. Mandala Selatan II,-6.173856,106.80019
B01347P,Jln. Mandiri Tengah,-6.1591,106.90961
B01350P,Jln. Mangga Besar 13,-6.141214,106.82696
B01351P,Jln. Mangga Besar 13 Raya,-6.147952,106.82669
B01358P,Jln. Manggis Pangeran Jayakarta,-6.139865,106.8203
B01360P,Jln. Manunggal II Ceger,-6.311199,106.88876
B01362P,Jln. Manunggal Meruya Selatan,-6.203307,106.73894
B01363P,Jln. Manunggal XIII Raya Condet,-6.277929,106.85496
B01364P,Jln. Marabahan Cideng,-6.172066,106.80538
B01366P,Jln. Martaip Sukabumi Selatan,-6.216977,106.77718
B01367P,Jln. Marunda Baru,-6.125303,106.95692
B01368P,Jln. Masjid Al Anwar Sukabumi Selatan,-6.210884,106.78348
B01369P,Jln. Masjid Al Ihsan,-6.280339,106.87117
B01370P,Jln. Masjid Al Ikhlas,-6.23727,106.93436
B01371P,Jln. Masjid Al Jadid I Baru,-6.328279,106.8512
B01372P,Jln. Masjid Al Wustho,-6.245281,106.90494
B01373P,Jln. Masjid Almuqorrobin Kalimalang,-6.239887,106.89057
B01374P,Jln. Masjid Baabul Minan,-6.220471,106.741
B01375P,Jln. Masjid Jatinegara,-6.219428,106.86879
B01376P,Jln. Masjid Soeprapto,-6.277536,106.87806
B01377P,Jln. Mastrip,-6.306793,106.87756
B01378P,Jln. Mawar Kav DKI,-6.208619,106.73068
B01379P,Jln. Melati,-6.272865,106.8769
B01380P,Jln. Melati Bhakti,-6.229557,106.9015
B01382P,Jln. Melati PKP,-6.339932,106.87859
B01383P,Jln. Melati Senen,-6.176615,106.84444
B01384P,Jln. Melati Tugu V,-6.121401,106.90793
B01385P,Jln. Melur Tugu,-6.12276,106.90791
B01386P,Jln. Melur Tugu VI,-6.124445,106.90783
B01387P,Jln. Menteng,-6.113156,106.91703
B01389P,Jln. Menteng Pulo II,-6.221456,106.84094
B01390P,Jln. Merpati Putih Kembangan Utara,-6.173415,106.7336
B01391P,Jln. Merpati Raya Pesanggrahan,-6.249642,106.75673
B01392P,Jln. Mesjid Abidin,-6.229484,106.90194
B01393P,Jln. Mesjid Al Mabruk,-6.28435,106.85293
B01396P,Jln. Mesjid I Benhil,-6.205368,106.80654
B01397P,Jln. Metro Duta 1,-6.283107,106.78028
B01398P,Jln. Metro Sunter Jaya,-6.137262,106.87422
B01399P,Jln. Mini,-6.311142,106.90423
B01400P,Jln. Mini I,-6.311268,106.90545
B01401P,Jln. Mini II,-6.308713,106.9078
B01403P,Jln. Minyak Raya,-6.253372,106.83813
B01404P,Jln. Mokmer 1,-6.149426,106.83966
B01405P,Jln. Muara 1,-6.304063,106.85061
B01406P,Jln. Muhidin KDW,-6.335157,106.87957
B01407P,Jln. Mujair Raya,-6.299485,106.83347
B01408P,Jln. Muncang,-6.116164,106.91033
B01409P,Jln. Mundu,-6.294375,106.88957
B01410P,Jln. Murai II Jati Padang,-6.287663,106.82545
B01411P,Jln. Musyawarah Panjang Arteri,-6.200859,106.76922
B01412P,Jln. Mutiara Benhil,-6.209709,106.81236
B01413P,Jln. Nagrak Marunda,-6.126878,106.95677
B01414P,Jln. Nanas Lap Bola,-6.200826,106.76062
B01416P,Jln. Nangka,-6.306392,106.89015
B01417P,Jln. Nangka 1,-6.303876,106.84724
B01418P,Jln. Nangka Raya,-6.304178,106.84515
B01419P,Jln. Nangka Tomang Asli,-6.178329,106.80409
B01420P,Jln. Ngarbingan,-6.245333,106.88115
B01421P,Jln. Nimun Raya,-6.253204,106.77344
B01423P,Jln. Nusa Indah II,-6.219858,106.93152
B01424P,Jln. Nusa Indah IV,-6.218007,106.93406
B01425P,Jln. Nusa Indah V,-6.218179,106.93549
B01426P,Jln. Nusa Indah VI,-6.218255,106.93619
B01428P,Jln. Olahraga 1 Raya Bogor,-6.267006,106.86595
B01429P,Jln. Olahraga I Raya Condet,-6.266695,106.86058
B01430P,Jln. Otista III Komplek IV,-6.231907,106.87555
B01432P,Jln. Otista III Utara,-6.23171,106.86936
B01433P,Jln. Pahlawan,-6.300584,106.76211
B01434P,Jln. Pahlawan Sukabumi Selatan,-6.223927,106.77164
B01435P,Jln. Pakarena,-6.170344,106.90914
B01437P,Jln. Palatehan,-6.240057,106.800758
B01438P,Jln. Palatehan II,-6.241135,106.80129
B01439P,Jln. Palem,-6.218201,106.75716
B01440P,Jln. Palem Jepang Baru,-6.218391,106.61589
B01441P,Jln. Palmerah Barat IV,-6.206862,106.78637
B01442P,Jln. Palmerah Utara I,-6.202107,106.79887
B01443P,Jln. Palmerah Utara II,-6.202805,106.79801
B01444P,Jln. Pam Baru,-6.204796,106.80946
B01446P,Jln. Pam Lama I,-6.203921,106.80538
B01447P,Jln. Panca Warga 3,-6.23362,106.88365
B01448P,Jln. Panca Warga IV,-6.239508,106.88341
B01449P,Jln. Pancoran Indah 1,-6.251998,106.84266
B01450P,Jln. Pancoran Timur III,-6.249482,106.84661
B01451P,Jln. Pancoran Timur V,-6.249467,106.84703
B01452P,Jln. Pancoran Timur VII,-6.249444,106.84822
B01457P,Jln. Parkit Bulak Ringin,-6.349665,106.87296
B01458P,Jln. Ps. Enjo,-6.211754,106.87872
B01460P,Jln. Pasopati Dewa Kembar,-6.108065,106.92548
B01461P,Jln. Pecah Kulit Pangeran Jayakarta,-6.140153,106.82135
B01462P,Jln. Pekan Raya,-6.151154,106.84215
B01463P,Jln. Pelepah Elok I,-6.152983,106.90908
B01464P,Jln. Pelepah Elok VIII,-6.149005,106.90064
B01465P,Jln. Pelita,-6.250861,106.7782
B01466P,Jln. Pemadam Kebakaran Cacing,-6.128677,106.93011
B01467P,Jln. Pemancingan Srengseng,-6.206771,106.7586
B01468P,Jln. Penataran,-6.20228,106.84418
B01469P,Jln. Pendet,-6.172117,106.90895
B01470P,Jln. Pendidikan Jatinegara Kaum,-6.212717,106.8977
B01471P,Jln. Pengadegan Utara,-6.246563,106.85854
B01472P,Jln. Pepaya V Jagakarsa,-6.320652,106.81847
B01473P,Jln. Pepaya VI Jagakarsa,-6.32031,106.81852
B01474P,Jln. Percetakan Susukan,-6.323535,106.86973
B01475P,Jln. Perdagangan,-6.305576,106.91666
B01476P,Jln. Perdagangan Bintaro,-6.27461,106.7633
B01478P,Jln. Perkutut Bukit Duri,-6.220981,106.85438
B01479P,Jln. Permata Indah 8,-6.182805,106.98805
B01480P,Jln. Pertanian II,-6.302022,106.77751
B01481P,Jln. Pesanggrahan,-6.308339,106.75598
B01483P,Jln. Petak Baru,-6.139494,106.8079
B01484P,Jln. Petamburan IIb,-6.189365,106.80175
B01485P,Jln. Petamburan KS Tubun,-6.188778,106.80951
B01487P,Jln. Petojo Barat Raya,-6.164893,106.81067
B01488P,Jln. Petojo Barat V,-6.163077,106.81043
B01490P,Jln. Petojo Selatan VII,-6.168829,106.81058
B01493P,Jln. Pinang II Pondok Labu,-6.310414,106.79665
B01495P,Jln. Pinang IV Pondok Labu,-6.30749,106.80082
B01496P,Jln. Pinang Kalijati 1 Pondok Labu,-6.306302,106.80102
B01497P,Jln. Pinang Raya,-6.308942,106.79372
B01498P,Jln. Pinang VI Pondok Labu,-6.30618,106.80099
B01501P,Jln. Pintu Air V Pasar Baru,-6.163562,106.8293
B01502P,Jln. Pisangan Lama I,-6.214711,106.875
B01504P,Jln. Pisangan Lama III,-6.214491,106.87763
B01505P,Jln. Plk II Cililitan Besar,-6.265021,106.87468
B01506P,Jln. Pluit Karang Indah XV,-6.116999,106.78083
B01507P,Jln. Pluit Mas Selatan 1,-6.135231,106.792691
B01508P,Jln. Pluit Raya 2,-6.125392,106.7978
B01509P,Jln. Poncol Jaya 1,-6.239706,106.81889
B01510P,Jln. Poncol Jaya 2,-6.239441,106.81883
B01511P,Jln. Pondok Kelapa Selatan,-6.249524,106.93552
B01512P,Jln. Pondok Labu 1A,-6.301927,106.79248
B01513P,Jln. Pondok Pinang IV,-6.26655,106.775
B01514P,Jln. Pontian Halim,-6.249205,106.89336
B01515P,Jln. Pratama I Rorotan,-6.141574,106.95616
B01516P,Jln. Primanota,-6.168008,106.91097
B01518P,Jln. Pucung 2 Munggang,-6.278959,106.85078
B01519P,Jln. Pulau Sangiyang Lingkar Timur,-6.193412,106.94376
B01520P,Jln. Pule Ciracas,-6.314331,106.8759
B01522P,Jln. Pulo Gundul,-6.186182,106.85155
B01525P,Jln. Pulogayung Petukangan,-6.248536,106.75563
B01526P,Jln. Puma Bundaran Kemayoran,-6.155895,106.85126
B01527P,Jln. Pura Agung Taman Sari,-6.248963,106.89336
B01528P,Jln. Puri Harum 1,-6.187331,106.73816
B01529P,Jln. Puri Lingkar Dalam,-6.184763,106.73503
B01530P,Jln. Putra III Jagakarsa,-6.335528,106.83154
B01531P,Jln. Rajai Ulujami,-6.241707,106.76292
B01532P,Jln. Rama IX,-6.299269,106.90856
B01533P,Jln. Rasamala Dalam,-6.174938,106.80488
B01534P,Jln. Rasela,-6.148562,106.8385
B01535P,Jln. Ratu Melati 5,-6.168539,106.76987
B01536P,Jln. Rawa Belong 2B,-6.200607,106.78708
B01538P,Jln. Rawa Kepa IX,-6.174091,106.80308
B01539P,Jln. Rawa Segaran,-6.306765,106.8919
B01541P,Jln. Rejo,-6.259506,106.79685
B01542P,Jln. Rela Menteng Pulo,-6.221416,106.84196
B01543P,Jln. Rorotan IX Gg. IV,-6.160091,106.95916
B01544P,Jln. Rorotan V Gg. 1,-6.136056,106.95477
B01545P,Jln. Rorotan XI,-6.145774,106.95655
B01546P,Jln. Ruby Kembangan Utara,-6.179727,106.73419
B01547P,Jln. Rukem Jaya 2,-6.178932,106.96168
B01548P,Jln. S Kalimalang Tarum Barat,-6.248748,106.90841
B01549P,Jln. Sabar 1 Petukangan,-6.240055,106.75249
B01550P,Jln. Sadar,-6.221149,106.84638
B01555P,Jln. Salam IV,-6.20349,106.77897
B01556P,Jln. Salman Kb. Jeruk,-6.197895,106.77642
B01557P,Jln. Sambu Halim,-6.247047,106.89053
B01558P,Jln. Sandratex 1,-6.293846,106.76507
B01559P,Jln. Sandratex 2,-6.293633,106.76529
B01560P,Jln. Sanggau Cideng,-6.169944,106.80396
B01563P,Jln. Saraswati Cipete,-6.263214,106.8042
B01564P,Jln. Satria,-6.190189,106.96755
B01565P,Jln. Satria VI Grogol,-6.165395,106.78837
B01566P,Jln. Sawah Mede I,-6.0981,106.70801
B01567P,Jln. Sawo III,-6.216545,106.84427
B01568P,Jln. Sawo III Pegambiran,-6.201116,106.89042
B01571P,Jln. Selat Potinti,-6.23613,106.9164
B01574P,Jln. Sentosa Tambun Rengas,-6.176636,106.96234
B01576P,Jln. Sepakat X Raya Cilangkap,-6.340473,106.90299
B01578P,Jln. Serdang,-6.228906,106.91459
B01579P,Jln. Seroja Cengkareng Barat,-6.147868,106.71954
B01580P,Jln. Setia 1,-6.269279,106.91183
B01581P,Jln. Siaga Bakti 2,-6.273291,106.84642
B01583P,Jln. Siman Noar,-6.300103,106.88072
B01584P,Jln. Simprug Golf 2,-6.227607,106.79042
B01585P,Jln. Sindang Terusan,-6.111462,106.89934
B01586P,Jln. Sitrun,-6.197192,106.76696
B01588P,Jln. SMAN 64,-6.332331,106.89008
B01589P,Jln. SMAN 99,-6.351933,106.8725
B01590P,Jln. SMP 171,-6.313102,106.87528
B01591P,Jln. SMP 175,-6.319534,106.82512
B01593P,Jln. Sodong Raya Persahabatan,-6.202647,106.89628
B01595P,Jln. SPG 7 Al Baidho,-6.292667,106.90142
B01597P,Jln. Srengseng Raya 1,-6.217561,106.75992
B01598P,Jln. Srengseng Raya 2,-6.217405,106.76064
B01599P,Jln. Suci Raya Bogor,-6.318636,106.86474
B01600P,Jln. Sukabumi Selatan,-6.216704,106.76921
B01601P,Jln. Sukamulya III Harapan Mulya,-6.170439,106.8524
B01602P,Jln. Sumanggung 3,-6.171242,106.90278
B01605P,Jln. Summagung II Timur,-6.17247,106.90203
B01606P,Jln. Sunan Drajad,-6.193665,106.89479
B01607P,Jln. Sungai Barito Sembar,-6.129487,106.91884
B01608P,Jln. Sungai Landak,-6.109326,106.94138
B01609P,Jln. Sungai Musi Sembar,-6.130691,106.91966
B01610P,Jln. Sungai Sambas VI,-6.246441,106.7978
B01611P,Jln. Sunter Jaya V,-6.159128,106.87008
B01612P,Jln. Sunter Jaya VI,-6.160663,106.8727
B01613P,Jln. Supriyadi,-6.173794,106.65622
B01614P,Jln. Swadarma I,-6.235473,106.76071
B01615P,Jln. Swadarma III,-6.232719,106.76064
B01616P,Jln. Swadarma Raya,-6.237451,106.76089
B01617P,Jln. Swadarma Utara,-6.229106,106.76056
B01618P,Jln. Swadarma Utara VI,-6.227071,106.76054
B01619P,Jln. Swadaya I,-6.297164,106.89478
B01620P,Jln. Swadaya Pln,-6.20965,106.90171
B01622P,Jln. Swadaya Raya,-6.228375,106.91677
B01623P,Jln. Swadaya Raya Jelambar,-6.159064,106.7781
B01624P,Jln. Swakarsa III Pondok Kelapa,-6.244759,106.94249
B01625P,Jln. Swakarsa IV Pondok Kelapa,-6.243335,106.94262
B01626P,Jln. Swasembada Barat II,-6.126116,106.88485
B01627P,Jln. Swasembada Barat III,-6.125647,106.8849
B01629P,Jln. Swasembada Barat V,-6.124938,106.88497
B01631P,Jln. Swasembada Barat VIII,-6.123894,106.88502
B01632P,Jln. Swasembada Barat XI,-6.122565,106.88497
B01633P,Jln. Swasembada Barat XII,-6.122157,106.88881
B01634P,Jln. Swasembada Timur XV,-6.121072,106.88852
B01635P,Jln. Tali Kota Bambu Selatan,-6.189326,106.79927
B01636P,Jln. Taman Alfa Indah,-6.218503,106.75404
B01637P,Jln. Taman Enau,-6.232643,106.93435
B01638P,Jln. Taman Jatibaru Timur,-6.182778,106.8129
B01639P,Jln. Taman Kb. Sirih,-6.182295,106.81661
B01640P,Jln. Taman Kemang,-6.255317,106.8095
B01641P,Jln. Taman Malaka Utara 3 Gg D,-6.230639,106.93161
B01642P,Jln. Taman Malaka Utara Gg A,-6.230712,106.9335
B01643P,Jln. Taman Sari I,-6.161249,106.82678
B01644P,Jln. Taman Sari X,-6.152959,106.82708
B01645P,Jln. Taman Sari XI,-6.150017,106.82676
B01646P,Jln. Taman Surya I,-6.164861,106.77935
B01647P,Jln. Tambora VI,-6.141703,106.80777
B01649P,Jln. Tanah Abang I,-6.173433,106.8214
B01652P,Jln. Tanah Abang IV Cideng,-6.177539,106.81265
B01653P,Jln. Tanah Abang V,-6.179361,106.8182
B01654P,Jln. Tanah Sereal X,-6.155909,106.80818
B01655P,Jln. Tanah Sereal XIII,-6.155353,106.80815
B01656P,Jln. Tanah Tinggi I,-6.1754,106.84541
B01657P,Jln. Tanah Tinggi III,-6.175078,106.84765
B01658P,Jln. Tanjakan AURI,-6.187017,106.95789
B01660P,Jln. Tj. Duren Timur Raya,-6.173797,106.78653
B01661P,Jln. Tj. Duren Utara 8,-6.173847,106.78057
B01662P,Jln. Tj. Duren Utara V,-6.173301,106.78304
B01663P,Jln. Tj. Gedong,-6.166664,106.79388
B01664P,Jln. Tari Klasik,-6.169164,106.91063
B01665P,Jln. Tawakal VA,-6.16866,106.79501
B01666P,Jln. Tawakal VIA,-6.169154,106.79411
B01667P,Jln. Tebet Barat Dalam VIII,-6.241241,106.84754
B01668P,Jln. Tebet Barat VIII,-6.238492,106.85002
B01669P,Jln. Tebet Dalam If,-6.223877,106.849087
B01670P,Jln. Tebet Dalam VI A,-6.238984,106.84825
B01673P,Jln. Tebet Timur III,-6.237629,106.85348
B01675P,Jln. Telepon Kota,-6.137233,106.81165
B01676P,Jln. Teluk Mandar 1,-6.238715,106.90988
B01677P,Jln. Teluk Mandar 2,-6.238944,106.91004
B01678P,Jln. Teratai Cililitan,-6.269234,106.86015
B01680P,Jln. Tiang Bendera III,-6.134768,106.80901
B01681P,Jln. Timah Harapan Mulya,-6.171922,106.85232
B01682P,Jln. Timbul III,-6.350411,106.80329
B01683P,Jln. Timbul IV,-6.350916,106.80771
B01684P,Jln. Tipar Cibubur,-6.343819,106.8695
B01686P,Jln. Tomang Tinggi Gg. 1,-6.170426,106.79911
B01689P,Jln. Tpa II,-6.296656,106.89723
B01690P,Jln. Trikora,-6.304918,106.86567
B01691P,Jln. Tubagus Baddarudin,-6.21249,106.89767
B01693P,Jln. Ultra Violet,-6.166096,106.90568
B01695P,Jln. Veteran 1,-6.253781,106.83581
B01696P,Jln. Veteran 2,-6.253771,106.83574
B01697P,Jln. Villa Ampera,-6.273183,106.81589
B01698P,Jln. Warakas Gg 10,-6.12535,106.87833
B01699P,Jln. Warakas I Gg. 2,-6.116038,106.87912
B01700P,Jln. Warakas I Gg. 4,-6.116587,106.8783
B01701P,Jln. Warakas I Gg. 5,-6.117289,106.87716
B01702P,Jln. Warakas I Gg. 5B,-6.116724,106.87801
B01705P,Jln. Warakas II,-6.117016,106.88045
B01706P,Jln. Warakas III,-6.118168,106.88087
B01707P,Jln. Warakas V,-6.124062,106.88285
B01708P,Jln. Warakas VI Gg. 16,-6.126026,106.87572
B01710P,Jln. Warakas VI Gg. 20,-6.126022,106.87367
B01711P,Jln. Waru Raya Cilangkap,-6.341002,106.90437
B01713P,Jln. Wijaya I,-6.231789,106.88646
B01714P,Jln. Wisma Semar,-6.310604,106.80571
B01715P,Jln. Wr Supratman,-6.305661,106.75749
B01716P,Jln. WW Sukabumi Selatan,-6.213665,106.77686
B01717P,Jln. Yunus 2 Sukabumi Utara,-6.204318,106.78292
B01719P,Jambul,-6.259055,106.86404
B01720P,Jamsostek,-6.233804,106.82229
B01721P,Jamsostek Gatot Subroto,-6.232925,106.82187
B01722P,Janur Kuning Residence,-6.163191,106.90349
B01723P,Jasa Marga Cililitan 1,-6.26477,106.87237
B01724P,Jasa Marga Cililitan 2,-6.264703,106.87224
B01725P,Jasa Warga,-6.380045,106.85354
B01726P,Jasamarga Toll Road Maintenance,-6.291584,106.8807
B01728P,Jatibening 1,-6.257161,106.94651
B01729P,Jatibening 2,-6.257093,106.94168
B01730P,Jatinegara Kaum Raya Bekasi,-6.203351,106.90407
B01731P,Jatinegara RS Primier 1,-6.221992,106.86818
B01732P,Jatinegara Timur,-6.220486,106.86825
B01733P,Jatipadang Raya,-6.293986,106.82335
B01735P,Jelambar 1,-6.166461,106.78707
B01737P,Jembatan Biru,-6.142184,106.83342
B01738P,Jembatan BKT Pendidikan Raya 1,-6.229216,106.91736
B01739P,Jembatan BKT Pendidikan Raya 2,-6.229245,106.91753
B01740P,Jembatan Buperta Tol Jagorawi,-6.368267,106.89449
B01741P,Jembatan Cempaka Mas Utara,-6.16198,106.87432
B01745P,Jembatan Item,-6.130078,106.85492
B01746P,Jembatan Kali Tegal Amba,-6.222926,106.90534
B01747P,Jembatan Kapuk Kamal PIS1,-6.124383,106.75175
B01748P,Jembatan Kayu Jati 1,-6.189407,106.88707
B01749P,Jembatan Kayu Jati 2,-6.18936,106.88684
B01750P,Jembatan Kayu Putih Selatan,-6.188486,106.89125
B01751P,Jembatan Kota Intan,-6.132329,106.81055
B01752P,Jembatan Marunda Makmur,-6.105728,106.96801
B01753P,Jembatan Merah 1,-6.221164,106.84618
B01754P,Jembatan Merah 2,-6.146531,106.83442
B01755P,Jembatan Merah 3,-6.147901,106.8343
B01756P,Jembatan Pantai Indah Utara 1,-6.121889,106.75204
B01758P,Jembatan Pedati Raya,-6.22682,106.87054
B01759P,Jembatan Perempatan Cempaka Putih Timur,-6.176422,106.87311
B01760P,Jembatan Pesakih Semanan,-6.155824,106.716
B01761P,Jembatan Pintu 1,-6.300551,106.88367
B01762P,Jembatan Pintu Satu,-6.300382,106.88363
B01763P,Jembatan Pluit Karang Timur,-6.112754,106.78439
B01765P,Jembatan Sapi Cilincing Bakti,-6.106641,106.93905
B01766P,Jembatan Serong,-6.182204,106.81814
B01768P,Jembatan Sungai Landak 1,-6.104743,106.93983
B01769P,Jembatan Sungai Landak 2,-6.104777,106.93998
B01770P,Jembatan Taman Kota,-6.157634,106.75751
B01771P,Jembatan Tegal Amba,-6.222874,106.90536
B01773P,Jembatan Tiga 2,-6.132751,106.79245
B01775P,JGC Indonesia,-6.292627,106.80196
B01776P,JGC Utama,-6.171049,106.94337
B01778P,JIEP 1,-6.192968,106.90579
B01779P,Jiep 2,-6.192554,106.90569
B01780P,Joe,-6.318127,106.83576
B01781P,Joglo,-6.220009,106.74171
B01784P,JPO Asrama Polri Cideng,-6.17963,106.81277
B01785P,JPO Barat Pondok Indah 1,-6.28723,106.77936
B01786P,JPO Blok E,-6.184738,106.81492
B01787P,JPO Blok G,-6.188861,106.81135
B01790P,JPO Timur Pondok Indah 1,-6.287054,106.77989
B01792P,Juraganan,-6.220342,106.79119
B01793P,Kali Besar Barat 1,-6.135487,106.81131
B01794P,Kalibata City 1,-6.255951,106.85404
B01795P,Kalibata City 2,-6.255816,106.85237
B01798P,Kalideres 1,-6.154249,106.70544
B01799P,Kalisari Lapan Balai Kimia,-6.342833,106.85814
B01802P,Kampung Irian Gg. IV,-6.155068,106.86172
B01803P,Kampung Jembatan Ngurah Rai,-6.216438,106.92909
B01804P,Kampung Melayu Besar 2,-6.225314,106.86292
B01805P,Kampung Melayu Kecil,-6.22499,106.86306
B01806P,Kampung Padaengan 1,-6.189361,106.93472
B01807P,Kampung Padaengan 2,-6.189465,106.93484
B01808P,Kampus 2 Uin,-6.305821,106.75748
B01809P,Kampus IISIP,-6.323176,106.83487
B01811P,Kampus Uin 1,-6.307572,106.75603
B01812P,Kampus Uin 2,-6.307533,106.75621
B01813P,Kanisius,-6.185327,106.83551
B01816P,Kantor Pos Cikini,-6.187423,106.83654
B01817P,Kantor Pos Dukuh,-6.291703,106.87567
B01818P,Kantor Pos Fatmawati,-6.294496,106.79505
B01819P,Kantor Pos Halim 1,-6.251277,106.88945
B01820P,Kantor Pos Halim 2,-6.251103,106.88925
B01821P,Kantor Pos Jaktim,-6.193674,106.9012
B01822P,Kantor Pos Kebayoran Lama,-6.249119,106.778
B01823P,Kantor Pos Kb. Jeruk,-6.197923,106.76353
B01824P,Kantor Pos Lapangan Banteng,-6.16877,106.83507
B01825P,Kantor Pos Mampang,-6.240216,106.82259
B01826P,Kantor Pos Pondok Bambu,-6.231973,106.89742
B01828P,Kapin,-6.248853,106.93019
B01829P,Karang Asri,-6.112414,106.77306
B01830P,Karang Asri 2,-6.116073,106.77399
B01831P,Karet Kuningan 1,-6.217406,106.83108
B01832P,Karet Kuningan 2,-6.217312,106.83068
B01833P,Karet Pedurenan 1,-6.221933,106.82093
B01834P,Karet Pedurenan 2,-6.221462,106.82109
B01835P,Karet Sudirman 1,-6.212995,106.82
B01836P,Karet Sudirman 2,-6.213105,106.81936
B01837P,Karet Sudirman 3,-6.212197,106.81995
B01838P,Karet Tengsin,-6.20698,106.81696
B01839P,Kartika Candra,-6.228333,106.81878
B01840P,Kartini,-6.199557,106.82891
B01841P,Kartini Hospital 1,-6.238072,106.76997
B01842P,Kartini Hospital 2,-6.237876,106.76942
B01843P,Kav Agraria Duren Sawit,-6.247691,106.91204
B01844P,Kav Marinir Kalimalang,-6.247975,106.92659
B01846P,Kav Polri Blok E Jagakarsa,-6.314309,106.81633
B01847P,Kav Polri Blok H Jagakarsa,-6.312293,106.81629
B01848P,Kavling DKI Meruya Selatan,-6.21501,106.73194
B01849P,Kavling Pengadilan Jln. Dermaga,-6.222991,106.9072
B01850P,Kayu Mas,-6.17911,106.90255
B01851P,Kayu Tinggi,-6.184407,106.94383
B01852P,Kayuringin 1,-6.245825,106.99277
B01853P,Kayuringin 2,-6.245948,106.99247
B01855P,KBN Marunda 2,-6.110318,106.94452
B01857P,Kebagusan Raya,-6.296314,106.82703
B01858P,Kebantenan,-6.114554,106.9264
B01859P,Kebayoran Baru Velbak 1,-6.239561,106.78532
B01860P,Kebayoran Baru Velbak 2,-6.239272,106.78492
B01861P,Kb. Baru,-6.115869,106.92448
B01862P,Kb. Jeruk 1,-6.194741,106.76878
B01863P,Kb. Kangkung,-6.179638,106.644
B01864P,Kb. Nanas,-6.221291,106.63364
B01865P,Kec. Cakung,-6.183887,106.94001
B01866P,Kec. Cengkareng 2,-6.150125,106.72713
B01867P,Kec. Cilincing,-6.102739,106.93894
B01868P,Kec. Cipayung,-6.328612,106.88789
B01870P,Kec. Grogol Petamburan,-6.178341,106.7833
B01871P,Kec. Jagakarsa,-6.334534,106.82144
B01873P,Kec. Kb. Jeruk,-6.198513,106.76455
B01874P,Kec. Kelapa Gading,-6.162414,106.9078
B01875P,Kec. Kembangan,-6.195068,106.74247
B01877P,Kec. Kramat Jati,-6.284472,106.87141
B01878P,Kec. Kramat Jati 2,-6.284729,106.87136
B01879P,Kec. Makasar,-6.279139,106.87881
B01880P,Kec. Palmerah,-6.199314,106.7877
B01881P,Kec. Pasar Minggu,-6.285563,106.8353
B01882P,Kec. Pesanggrahan,-6.256912,106.7564
B01883P,Kec. Pesanggrahan 1,-6.257396,106.75633
B01886P,Kec. Taman Sari,-6.134776,106.81481
B01887P,Kec. Tanah Abang,-6.200098,106.815
B01888P,Kec. Tebet 1,-6.23204,106.84534
B01889P,Kec. Tebet 2,-6.23151,106.84564
B01890P,Kedawu Residence Ciracas,-6.338318,106.87967
B01891P,Kedongdong,-6.383095,106.82952
B01893P,Kedubes Malaysia,-6.22384,106.83259
B01894P,Kehakiman,-6.176674,106.64456
B01896P,Kejaksaan Negeri Jakbar,-6.184648,106.73731
B01898P,Kelapa Cengkir Barat XI,-6.163816,106.9068
B01899P,Kelapa Dua Sasak 1,-6.205051,106.76931
B01900P,Kelapa Gading Square,-6.149744,106.88993
B01901P,Kelapa Gading Utama,-6.176481,106.89487
B01903P,Kel. Batu Ampar,-6.283309,106.85943
B01904P,Kel. Benhil,-6.201552,106.80809
B01905P,Kel. Bintaro,-6.273047,106.76405
B01907P,Kel. Cibubur,-6.349525,106.87666
B01908P,Kel. Cijantung,-6.325792,106.8619
B01909P,Kel. Cililitan,-6.259599,106.86875
B01910P,Kel. Cilincing,-6.107088,106.93815
B01911P,Kel. Ciracas,-6.328805,106.8775
B01912P,Kel. Dukuh,-6.292349,106.877
B01913P,Kel. Duren Sawit,-6.230817,106.91423
B01914P,Kel. Duri Kepa,-6.185225,106.77307
B01915P,Kel. Duri Kosambi,-6.170102,106.7226
B01916P,Kel. Gandaria Utara,-6.257251,106.78973
B01917P,Kel. Grogol Utara,-6.208498,106.78924
B01918P,Kel. Halim Perdana Kusuma,-6.267932,106.87743
B01919P,Kel. Jati Pulo,-6.175757,106.80318
B01920P,Kel. Jelambar,-6.161564,106.78166
B01921P,Kel. Kalisari,-6.33716,106.85613
B01922P,Kel. Kamal,-6.104683,106.70625
B01924P,Kel. Kayu Putih,-6.18578,106.88844
B01925P,Kel. Kb. Kacang,-6.190837,106.81501
B01926P,Kel. Kelapa Gading Timur,-6.166273,106.90243
B01929P,Kel. Makasar,-6.278463,106.87842
B01931P,Kel. Meruya Selatan,-6.214842,106.73657
B01932P,Kel. Pegangsaan Dua,-6.1546,106.91056
B01934P,Kel. Penggilingan,-6.202675,106.93106
B01935P,Kel. Pesanggrahan 2,-6.255333,106.756496
B01936P,Kel. Pondok Kelapa,-6.229561,106.94374
B01937P,Kel. Pondok Labu,-6.306356,106.79867
B01939P,Kel. Pulo,-6.250962,106.80962
B01940P,Kel. Pulo Gebang,-6.215805,106.9546
B01941P,Kel. Rawa Bunga,-6.221597,106.86956
B01942P,Kel. Rorotan,-6.151739,106.95584
B01943P,Kel. Semanan,-6.159888,106.70498
B01944P,Kel. Semper Timur,-6.113762,106.92635
B01945P,Kel. Senen,-6.172453,106.84292
B01946P,Kel. Serdang,-6.158869,106.85615
B01947P,Kel. Srengseng,-6.203472,106.75694
B01948P,Kel. Sukabumi Selatan,-6.217815,106.76976
B01949P,Kel. Sukapura,-6.148568,106.9245
B01950P,Kel. Susukan,-6.312595,106.87518
B01952P,Kel. Tanah Sereal,-6.158668,106.80826
B01954P,Kel. Tj. Priok,-6.113159,106.8813
B01956P,Kel. Tengah,-6.290037,106.86477
B01957P,Kel. Ulujami,-6.245279,106.76273
B01959P,Kemayoran,-6.162734,106.84037
B01960P,Kemayoran Landas Pacu Timur 1,-6.152433,106.8539
B01961P,Kemayoran Landas Pacu Timur 2,-6.152025,106.85383
B01962P,Kemenkes 1,-6.230706,106.83284
B01963P,Kemenkes 2,-6.2287,106.83302
B01964P,Kemensos,-6.198662,106.85328
B01965P,Kementan,-6.294976,106.82448
B01966P,Kementerian Agama,-6.183405,106.82236
B01968P,Kementerian ESDM,-6.183203,106.82382
B01969P,Kementerian Pariwisata,-6.1795,106.82255
B01970P,Kementerian Pertanian,-6.29705,106.82127
B01971P,Kementerian PUPR,-6.236169,106.80156
B01973P,Kencana Tower Meruya Ilir,-6.198383,106.76266
B01974P,Kesatrian Kowal Cut Nyak Dhien,-6.194307,106.81436
B01975P,Kesatriyaan,-6.206703,106.85835
B01977P,KH Ahmad Dahlan,-6.247088,106.79194
B01978P,Khong Guan Biscuit Factory,-6.332726,106.86768
B01979P,Khong Guan Wahid Hasyim,-6.187193,106.82815
B01980P,Kimia Farma Grogol Utara,-6.226509,106.77839
B01981P,Kirana Boutique,-6.17413,106.8966
B01982P,KKDM,-6.239629,106.88149
B01983P,Klapa Village H. Naman,-6.238446,106.94173
B01984P,Klapa Village Pondok Kelapa,-6.238159,106.94153
B01985P,Klinik Annisa Ciracas,-6.329815,106.87439
B01986P,Klinik Dahlia Palmerah,-6.195102,106.78771
B01988P,Klinik Fakhira Manggarai Selatan,-6.220833,106.84955
B01989P,Klinik Firdausy,-6.217111,106.85528
B01990P,Klinik Hemodialisa Pandaoni Medika,-6.202247,106.89073
B01991P,Klinik Johar Medika,-6.183726,106.85608
B01993P,Klinik Kasih Medika,-6.187158,106.90063
B01994P,Klinik Otista,-6.227394,106.86709
B01995P,Klinik Persada Sari,-6.17728,106.72226
B01996P,Klinik Pratama Pesona Medika,-6.145812,106.82585
B01997P,Klinik Sapta Mitra,-6.230813,106.93469
B01998P,Klinik Sasana Husada,-6.240106,106.79406
B01999P,Klinik Win Medika,-6.220127,106.89839
B02001P,Klinik Andhika Rawa Buaya,-6.169275,106.73411
B02002P,Kober Balekambang,-6.282601,106.84932
B02003P,Kodam Bintaro,-6.25945,106.75871
B02005P,Koja Trade Mall,-6.122508,106.91677
B02006P,Kokoh Semesta,-6.1156,106.92682
B02007P,Kolong Pusri,-6.184158,106.79167
B02008P,Kolong Tol Guru Saleh,-6.257605,106.76529
B02009P,Kolong Tol Jakarta Serpong 1,-6.256082,106.76049
B02010P,Kolong Tol Jakarta Serpong 2,-6.256039,106.76062
B02012P,Komdak 1,-6.222333,106.81407
B02013P,Komdak 2,-6.221715,106.81426
B02014P,Kompas Gramedia,-6.210472,106.79598
B02015P,Komplek Abadi 1,-6.229617,106.90793
B02016P,Komplek Abadi 2,-6.229722,106.90813
B02017P,Komplek Al,-6.297741,106.84018
B02018P,Komplek Angkasa Halim PK,-6.261737,106.88599
B02020P,Komplek Beacukai Pondok Bambu,-6.23585,106.89759
B02021P,Komplek Bina Marga I,-6.233093,106.9348
B02022P,Komplek BKN Sumur Batu,-6.161675,106.87164
B02023P,Komplek BPPT,-6.194517,106.7556
B02024P,Komplek Bukit Indah Ragunan,-6.310777,106.81057
B02025P,Komplek DDN 1,-6.303426,106.79914
B02026P,Komplek Ddn Bintara Jaya,-6.242328,106.94271
B02029P,Komplek Dirgantara III Halim PK,-6.284809,106.90458
B02030P,Komplek Dittopad,-6.176224,106.86324
B02031P,Komplek DKI Joglo,-6.223129,106.73732
B02032P,Komplek Dolog Jaya,-6.24794,106.91572
B02033P,Komplek DPR Bumi Sanggraha,-6.206268,106.94826
B02034P,Komplek DPR I Kb. Jeruk,-6.198878,106.77685
B02037P,Komplek Graha Indah Green Ville,-6.17073,106.77576
B02038P,Komplek Hankam Cidodol,-6.227802,106.77836
B02039P,Komplek Imigrasi Kertapawitan,-6.152789,106.72194
B02040P,Komplek Interkota Indah,-6.165844,106.72473
B02041P,Komplek Jaya Motor Gg. H,-6.10705,106.93252
B02043P,Komplek Kav DKI Utama,-6.207697,106.73052
B02044P,Komplek Kejari Tebet Dalam,-6.241417,106.84542
B02045P,Komplek Keuangan,-6.234028,106.84417
B02046P,Komplek Keuangan Saaba,-6.215101,106.73151
B02047P,Komplek Kijang Kencana,-6.194345,106.78962
B02048P,Komplek Kodam Jaya Kb. Jeruk,-6.197819,106.77097
B02049P,Komplek KPLP Marunda,-6.128493,106.95649
B02051P,Komplek Majapahit Permai,-6.169522,106.82111
B02052P,Komplek Mandiri Giant Express 1,-6.297385,106.76499
B02053P,Komplek Mandiri Giant Express 2,-6.297573,106.76499
B02054P,Komplek Moneter,-6.205509,106.77026
B02055P,Komplek Pelni,-6.380018,106.85409
B02056P,Komplek Pemda 1,-6.212493,106.61943
B02057P,Komplek Pemda 2,-6.212336,106.61938
B02058P,Komplek Pertambangan Kelapa Dua,-6.216498,106.77065
B02059P,Komplek Pertokoan Cempaka Putih,-6.173296,106.85976
B02061P,Komplek Polri Cipinang Atas,-6.211745,106.88954
B02062P,Komplek Polri Duren Tiga,-6.254242,106.83148
B02064P,Komplek Polri Ragunan,-6.283756,106.81918
B02065P,Komplek RSPP,-6.29621,106.79946
B02066P,Komplek Ruko Interkota,-6.166979,106.72717
B02068P,Komplek Uin,-6.308924,106.75601
B02070P,Komplek Wijaya Kusuma 1,-6.229588,106.90531
B02071P,Komplek Wijaya Kusuma 2,-6.229694,106.90495
B02072P,Komplek Wijaya Kusuma 3,-6.229042,106.90486
B02073P,Komplek Wijaya Kusuma 4,-6.229031,106.90495
B02074P,Komplek Zeni Kec. Pasar Rebo,-6.339304,106.86895
B02076P,Konsil Kedokteran Indonesia,-6.194458,106.83649
B02077P,Koperasi Serba Usaha,-6.222036,106.89954
B02079P,Koramil Jln. Brigjen Katamso,-6.189138,106.80508
B02082P,Casablanca,-6.22425,106.84452
B02085P,KPK,-6.207575,106.8302
B02086P,KPP Pratama Cakung 2,-6.187946,106.96142
B02087P,KPP Pratama Cilandak,-6.292521,106.80893
B02088P,KPP Pratama Jakarta Pluit,-6.132331,106.82082
B02089P,KPP Pratama Koja,-6.130276,106.89903
B02090P,KPP Pratama Pasar Rebo,-6.301337,106.86865
B02091P,KPP Pratama Tambora,-6.136138,106.81037
B02092P,KPP Pratama Tanah Abang,-6.197731,106.8144
B02093P,KPP Pratama Tanah Abang Satu,-6.202066,106.806803
B02094P,KPPU,-6.167212,106.8226
B02095P,KPU,-6.199411,106.82749
B02096P,Kramat Pela,-6.249958,106.79544
B02099P,KUA Kramat Jati,-6.291901,106.87559
B02100P,KUA Palmerah,-6.194208,106.79191
B02101P,KUA Pasar Minggu,-6.300085,106.82626
B02102P,Kuningan Barat 1,-6.237361,106.82759
B02103P,Kuningan Madya 2,-6.213358,106.83027
B02104P,Kuningan Media,-6.208989,106.83039
B02105P,Kuningan Timur 2,-6.235912,106.82765
B02106P,Kusuma Timur Vihara Dharma Bhakti,-6.144916,106.78076
B02107P,Kwk Unkermil Timur II,-6.245641,106.91984
B02108P,Lakesgilut TNI AU 1,-6.287631,106.89811
B02109P,Lakesgilut TNI AU 2,-6.287858,106.89803
B02110P,Lapangan Arcici,-6.18326,106.86908
B02111P,Lapangan Banteng 1,-6.1713,106.83368
B02112P,Lapangan Banteng 2,-6.171659,106.83527
B02113P,Lapangan Blok O Pengadegan,-6.248374,106.85793
B02114P,Lapangan Blok S,-6.237011,106.81421
B02115P,Lapangan Bola Danu Setiawan,-6.252242,106.89466
B02116P,Lapangan Bola Meruya Ilir,-6.197423,106.76661
B02117P,Lapangan Hankam,-6.258139,106.76796
B02118P,Lapangan Kaprina,-6.347866,106.88461
B02120P,Lapangan PIK Penggilingan,-6.205229,106.92882
B02121P,Lapangan Pondok Gede,-6.28213,106.91371
B02122P,Lapangan Ros,-6.225111,106.8546
B02124P,Lapangan Segitiga 2,-6.277336,106.88811
B02126P,Laut Banda,-6.23357,106.91345
B02127P,Layur 1,-6.193666,106.89905
B02128P,Layur 2,-6.19339,106.89862
B02129P,Lebak Bulus Jak Lingko,-6.289301,106.77299
B02130P,Lembaga Ilmu Pengetahuan 1,-6.228921,106.81852
B02132P,Lemigas,-6.237935,106.76689
B02133P,Lenteng Agung,-6.322025,106.83629
B02134P,Lenteng Agung Barat,-6.308962,106.83803
B02135P,Les Belles Maisons 1,-6.262578,106.65378
B02136P,Les Belles Maisons 2,-6.262386,106.65391
B02137P,Lexington,-6.272782,106.76593
B02139P,Limo,-6.225483,106.78881
B02140P,Lintas Atas Kuningan Mampang,-6.237898,106.82676
B02141P,Lion Center,-6.240451,106.87898
B02142P,Lion Metal 1,-6.18568,106.95108
B02143P,Lion Metal 2,-6.185858,106.95209
B02144P,Lippo Mall Kramat Jati,-6.270835,106.86741
B02145P,Litbang Depnaker Jaktim,-6.31213,106.86264
B02146P,Litbang Pertanian,-6.285245,106.83725
B02150P,Logistik Polri,-6.211521,106.88989
B02151P,London School,-6.205065,106.81662
B02153P,Lotte Mall Kelapa Gading 2,-6.154794,106.89603
B02154P,Lotte Mall Kuningan 1,-6.22332,106.8229
B02155P,Satrio 6,-6.222992,106.82306
B02156P,Lotte Mart Kelapa Gading,-6.154215,106.89467
B02157P,Lotte Mart Serpong 1,-6.248159,106.64973
B02158P,Lotte Mart Serpong 2,-6.248116,106.64991
B02159P,LP Cipinang,-6.214568,106.88574
B02160P,LP3I,-6.286793,106.84369
B02161P,LPP RRI 1,-6.252131,106.7913
B02164P,LPPI,-6.262043,106.81581
B02167P,Mabes Au Dinas Psikologi,-6.251267,106.88826
B02168P,Madrasah Aliyah Citra Cendekia,-6.35789,106.8006
B02169P,Madrasah Hasanatuddarain,-6.22101,106.90464
B02170P,Madya Kebantenan,-6.114347,106.9265
B02171P,Mahaka Square,-6.149939,106.90213
B02172P,Makam Pangeran Jayakarta,-6.202329,106.90056
B02173P,Makam Serang 1,-6.197579,106.7351
B02174P,Makam Serang 2,-6.197506,106.73537
B02176P,Mako Ops AU I,-6.276548,106.88667
B02177P,Malaka 1 Gg. 2 Rorotan,-6.138467,106.95453
B02178P,Malaka 1 Gg. 3 Rorotan,-6.139309,106.95461
B02179P,Malaka 1 Gg. 5 Rorotan,-6.137053,106.95474
B02180P,Malaka 1 Gg. Veteran,-6.147191,106.95636
B02181P,Malaka Country Estate,-6.223571,106.94223
B02182P,Malaka Jaya RW11 Rorotan,-6.144631,106.9562
B02183P,Ambassador,-6.224125,106.82663
B02184P,Mall Artha Gading,-6.144601,106.89146
B02185P,Mall Bale Kota,-6.181306,106.64346
B02186P,Mall Basura 1,-6.225218,106.87856
B02187P,Mall Basura 2,-6.225004,106.87763
B02188P,Mall Cijantung,-6.312041,106.86245
B02189P,Mall Cipinang Indah 1,-6.239676,106.89405
B02190P,Mall Cipinang Indah 2,-6.240012,106.89432
B02191P,Mall Kelapa Gading,-6.156338,106.90815
B02192P,Mall Metropolitan,-6.247861,106.99215
B02193P,Mall Taman Palem 1,-6.139762,106.73287
B02194P,Mall Taman Palem 2,-6.139245,106.73032
B02195P,Mall Taman Palem 3,-6.140548,106.73011
B02196P,Mall Thamrin City,-6.194341,106.81453
B02197P,Mampang 5,-6.24539,106.82584
B02198P,Mampang Prapatan 1,-6.242554,106.82585
B02199P,Mampang Prapatan 2,-6.242094,106.82556
B02201P,Man 15 Jakarta,-6.34233,106.88636
B02202P,Man 18 Jakarta,-6.232575,106.94293
B02203P,Man 2 Jakarta,-6.321342,106.88332
B02204P,MAN 21,-6.158853,106.95786
B02205P,MAN 4 Jakarta,-6.281498,106.77201
B02206P,Man 6 Jakarta,-6.359586,106.88281
B02207P,Mandara Permai 5,-6.116188,106.76214
B02208P,Mandara Permai 6,-6.11621,106.75871
B02209P,Mandiri Griya Mampang,-6.240269,106.82884
B02211P,Mangga Dua 1,-6.136254,106.82647
B02212P,Mangga Dua Plaza,-6.135929,106.82836
B02213P,Mangga Dua Square,-6.135311,106.83102
B02214P,Manggala Wanabakti,-6.204951,106.79963
B02215P,Kuningan 18,-6.225239,106.83015
B02219P,Margasatwa 1,-6.116038,106.76903
B02220P,Margasatwa 2,-6.116182,106.76908
B02221P,Markas,-6.177758,106.77997
B02222P,Markas Intai Amfibi Marunda,-6.114361,106.94998
B02223P,Marlindo Marunda,-6.121746,106.95715
B02224P,Masjid Ad Dawah,-6.164028,106.90686
B02226P,Masjid Al Akhbar PWI 1,-6.233368,106.88872
B02227P,Masjid Al Akhbar PWI 2,-6.233343,106.88858
B02228P,Masjid Al Akhyar Cipete,-6.269685,106.80493
B02229P,Masjid Al Bakrie,-6.219141,106.83784
B02231P,Masjid Al Barkah 1,-6.184871,106.9456
B02232P,Masjid Al Barkah 2,-6.184779,106.94595
B02234P,Masjid Al Barokah 1,-6.301819,106.91382
B02236P,Masjid Al Birru Warrohmah,-6.336957,106.83006
B02238P,Masjid Al Fida Komodor Halim,-6.262732,106.88514
B02239P,Masjid Al Hawi Cililitan,-6.263505,106.86419
B02240P,Masjid Al Hidayah,-6.216385,106.86296
B02241P,Masjid Al Hidayah Cipete,-6.258835,106.80678
B02242P,Masjid Al Hidayah Kebantenan,-6.112872,106.92713
B02243P,Masjid Al Huda Balai Rakyat,-6.224484,106.90008
B02244P,Masjid Al Huda Kemayoran,-6.163822,106.85274
B02246P,Masjid Al Istiqomah Tomang,-6.171213,106.79872
B02249P,Masjid Al Karomah Cipete,-6.273435,106.80064
B02251P,Masjid Al Madinah,-6.204966,106.77928
B02253P,Masjid Al Mukarromah Jampea,-6.108361,106.90098
B02254P,Masjid Al Mukarromah Lagoa,-6.112929,106.91075
B02255P,Masjid Al Mumin,-6.175528,106.90865
B02257P,Masjid Al Muqarrabin Cipinang,-6.211793,106.8851
B02258P,Masjid Al Murtamiyyah Marunda,-6.107261,106.96159
B02259P,Masjid Al Waqof,-6.110646,106.91733
B02260P,Masjid Alfalah Annaniyah,-6.114116,106.70743
B02261P,Masjid Alhikmah Duren Sawit,-6.239993,106.91261
B02262P,Masjid Amar Maruf 1,-6.255234,107.02205
B02263P,Masjid Amar Maruf 2,-6.255062,107.02206
B02264P,Masjid Annur Pengadegan,-6.249483,106.84954
B02265P,Masjid Annur Radio Dalam,-6.260666,106.78889
B02266P,Masjid Ar Rayyan Kementerian BUMN,-6.183117,106.82536
B02269P,Masjid Arrohmah,-6.314733,106.83653
B02270P,Masjid As Saadah Datuk Ibrahim,-6.276219,106.85564
B02271P,Masjid As Saadah Raya Bekasi,-6.189577,106.96601
B02272P,Masjid As Sudairi,-6.220626,106.8591
B02273P,Masjid Assaadah Malaka Jaya,-6.22578,106.93879
B02274P,Masjid Assuada,-6.194327,106.90544
B02276P,Masjid At Taqwa,-6.24055,106.6472
B02277P,Masjid At Taqwa 1,-6.276957,106.84587
B02278P,Masjid At Taqwa 2,-6.277593,106.84563
B02279P,Masjid At Taqwa H. Ipin,-6.311402,106.79278
B02281P,Masjid At Tin,-6.298547,106.88326
B02282P,Masjid Attahiriyah,-6.225242,106.86019
B02283P,Masjid Baitul Hijrah Pondok Kopi,-6.218844,106.94692
B02284P,Masjid Baitul Hilmi Tomang,-6.173897,106.79499
B02286P,Masjid Baitul Mukhlish Serdang,-6.155614,106.85854
B02287P,Masjid Baiturrahman 1,-6.210375,106.61931
B02288P,Masjid Baiturrahman 2,-6.209473,106.61918
B02290P,Masjid Baiturrohman Jati Pulo,-6.180697,106.80715
B02291P,Masjid Cut Meutia 1,-6.186763,106.834
B02292P,Masjid Cut Meutia 2,-6.187451,106.83381
B02293P,Masjid Darul Falah Petukangan 1,-6.23451,106.75144
B02294P,Masjid Darul Falah Petukangan 2,-6.234767,106.75144
B02295P,Masjid Darul Huda 1,-6.249332,106.89109
B02296P,Masjid Darul Huda 2,-6.249131,106.89149
B02297P,Masjid Darul Quran,-6.291176,106.77111
B02298P,Masjid Darussalam Cipedak,-6.346656,106.81014
B02299P,Masjid El Syifa Ciganjur,-6.333203,106.80736
B02300P,Masjid Guru Amin,-6.258186,106.8434
B02302P,Masjid Hidayatussalam,-6.245632,106.88115
B02303P,Masjid Hifdzirrahim,-6.257359,106.75963
B02306P,Masjid Jami Al Badariah Kemayoran,-6.153055,106.85922
B02307P,Masjid Jami Al Barkah 1,-6.229411,106.91212
B02308P,Masjid Jami Al Barkah 2,-6.229538,106.91204
B02310P,Masjid Jami Al Fallah,-6.111213,106.92576
B02312P,Masjid Jami Al Ihsan Kemayoran,-6.163404,106.85285
B02313P,Masjid Jami Al Inayah,-6.224554,106.86945
B02314P,Masjid Jami Al Ittihadiyah,-6.16615,106.73488
B02316P,Masjid Jami Al Khoiriyah,-6.136743,106.96787
B02317P,Masjid Jami Al Makmur 1,-6.189195,106.81549
B02318P,Masjid Jami Al Makmur 2,-6.18896,106.81516
B02319P,Masjid Jami Al Makmur Klender,-6.212322,106.90082
B02320P,Masjid Jami Al Mamur Bukit Duri,-6.225059,106.85606
B02322P,Masjid Jami Al Muhsinin,-6.182612,106.99023
B02323P,Masjid Jami Al Musyawaroh Sembar,-6.13143,106.91991
B02324P,Masjid Jami Al Muttaqin Balekambang,-6.284041,106.8506
B02325P,Masjid Jami Al Wiqoyah,-6.326852,106.82337
B02326P,Masjid Jami Al Wiqoyah 1,-6.326427,106.82379
B02327P,Masjid Jami Al Wiqoyah 2,-6.326409,106.82375
B02329P,Masjid Jami Ar Ridho Jelambar,-6.152844,106.78376
B02330P,Masjid Jami Ar Roghibin,-6.156361,106.9597
B02331P,Masjid Jami As Shiroth,-6.225484,106.77768
B02332P,Masjid Jami Assyakirin Kalimalang,-6.239262,106.88963
B02333P,Masjid Jami Asy Syakirin,-6.351203,106.80153
B02334P,Masjid Jami At Taqwa 1,-6.229509,106.89568
B02336P,Masjid Jami At Taqwa 3,-6.229352,106.89527
B02339P,Masjid Jami Attaubah 2,-6.231559,106.87297
B02340P,Masjid Jami Baitul Muslim Susukan,-6.328246,106.86895
B02341P,Masjid Jami Baiturrahmah Marunda,-6.127633,106.95715
B02342P,Masjid Jami Baiturrahman,-6.216586,106.84412
B02345P,Masjid Jami Daarul Muttaqien,-6.165096,106.70508
B02347P,Masjid Jami Fathurrahman Ciracas,-6.318244,106.87303
B02348P,Masjid Jami Hasbi,-6.273154,106.88027
B02351P,Masjid Jami Nurul Ain 1,-6.227717,106.91976
B02352P,Masjid Jami Nurul Ain 2,-6.227874,106.91942
B02353P,Masjid Jami Nurul Fauz,-6.165887,106.72476
B02354P,Masjid Jami Nurul Iman Palmerah,-6.204227,106.7875
B02358P,Masjid Jami Saadatul Muslimin,-6.26587,106.88085
B02360P,Masjid Jami Unwanussaadah,-6.120175,106.92866
B02361P,Masjid Luar Batang,-6.126266,106.8044
B02362P,Masjid Nur Alimin 1,-6.302557,106.91772
B02363P,Masjid Nur Alimin 2,-6.302584,106.91756
B02364P,Masjid Nurul Falah,-6.257714,106.81326
B02365P,Masjid Nurul Falah Ragunan,-6.301357,106.82121
B02367P,Masjid Nurul Iman Cilangkap,-6.341431,106.90495
B02368P,Masjid Nurul Iman Joglo,-6.21731,106.76208
B02369P,Masjid Nurul Iman Kubur Batu,-6.197613,106.74443
B02370P,Masjid Nurul Istiqomah Pegadungan,-6.129558,106.70437
B02371P,Masjid Nurul Jannah Marunda,-6.119283,106.95712
B02372P,Masjid Nururrohman Pondok Kopi,-6.218564,106.94447
B02373P,Masjid Pondok Indah 1,-6.261581,106.78234
B02374P,Masjid Pondok Indah 2,-6.261469,106.78201
B02375P,Masjid Raya Al Arraf Sukapura,-6.145395,106.92281
B02376P,Masjid Raya Al Musyawarah Kelapa Gading,-6.154777,106.9091
B02377P,Masjid Raya Al Musyawarah Kelapa Gading 1,-6.154881,106.91055
B02378P,Masjid Raya Al Musyawarah Kelapa Gading 2,-6.155338,106.90963
B02379P,Masjid Raya KH Hasyim Asyari,-6.159272,106.71708
B02380P,Masjid Raya Nurul Hidayah,-6.253434,106.77626
B02382P,Masjid Syariful Azhar Sawah Besar,-6.14261,106.82655
B02385P,Maspion Plaza,-6.141539,106.83352
B02387P,Matraman 4,-6.199782,106.8545
B02389P,Mayang Permai,-6.116421,106.75963
B02391P,Mayestik 1,-6.242041,106.79116
B02392P,Mayestik 2,-6.241772,106.79096
B02393P,MBAU,-6.245829,106.8428
B02394P,Mediterania Boulevard,-6.116048,106.76505
B02395P,Mediterania Garden Residences,-6.173818,106.7882
B02396P,Mega Kuningan,-6.224556,106.82677
B02397P,Mega Mall Bekasi,-6.250287,106.992
B02398P,Mega Syariah,-6.228294,106.83335
B02399P,Megaria,-6.200045,106.84456
B02401P,Megasetia Agung Kimia,-6.156405,106.95565
B02402P,Megatama,-6.2473,106.91049
B02404P,Melati Mas Residence 1,-6.271343,106.65549
B02406P,Melawai Plaza,-6.245853,106.80285
B02408P,Menara Astra,-6.207361,106.8219
B02409P,Menara Bidakara,-6.242012,106.84064
B02410P,Menara Cardig,-6.251608,106.8804
B02411P,Menara Duta,-6.208617,106.82986
B02412P,Menara Karya,-6.232869,106.83167
B02414P,Menara Mandiri,-6.223667,106.8071
B02416P,Menara Mulia,-6.225452,106.81678
B02417P,Menara Pejompongan,-6.203753,106.80224
B02420P,Menara Thamrin,-6.185275,106.82291
B02425P,Sbr. Kanisius,-6.185519,106.83586
B02426P,Merpati,-6.232175,106.84496
B02427P,Meruya Taman Aries,-6.19167,106.74536
B02428P,Mesindo Tekninesia,-6.153416,106.95539
B02429P,Mesjid Nurul Huda Kebagusan,-6.314214,106.82536
B02430P,Mess Perwira Cendrawasih,-6.252291,106.88403
B02431P,Mess Polwan Esthi Bhakti Warapsari,-6.206804,106.81026
B02432P,Mess Wirayudha 1,-6.241569,106.88041
B02433P,Mess Wirayudha 2,-6.242076,106.88072
B02434P,Metric PIK,-6.114346,106.75527
B02435P,Metro Pondok Indah,-6.265966,106.78347
B02437P,MGK Kemayoran,-6.153437,106.84753
B02438P,MI Al Ihsan Batu Ampar,-6.272358,106.86511
B02439P,MI Arruhaniyah Rorotan,-6.135438,106.96744
B02440P,MI Attarbiyatuddiniyah,-6.358236,106.87413
B02441P,MI Imadun Najah Rorotan,-6.149081,106.95582
B02443P,Midi Utama Cililitan 1,-6.264014,106.86929
B02444P,Midi Utama Cililitan 2,-6.264028,106.86962
B02445P,Midi Utama Condet Raya,-6.275675,106.85596
B02446P,Midi Utama Danau Indah,-6.150877,106.87961
B02447P,Midi Utama Green Ville,-6.172228,106.77685
B02448P,Midi Utama H. Lebar 1,-6.2002,106.73196
B02449P,Midi Utama H. Lebar 2,-6.200321,106.73181
B02450P,Midi Utama Meruya Selatan 1,-6.212562,106.73772
B02452P,Midi Utama Rorotan,-6.144886,106.95626
B02453P,MIN 20 Jakarta,-6.122697,106.95723
B02454P,MIN 8 Srengseng Sawah,-6.335943,106.82628
B02456P,Minangkabau,-6.214104,106.84341
B02458P,Minimarket Benda Raya 2,-6.10425,106.70862
B02461P,Minimarket Kemanggisan 2,-6.193859,106.78638
B02462P,Minimarket Pondok Kelapa,-6.228617,106.93539
B02463P,Minimarket Pondok Kopi,-6.218369,106.93956
B02464P,Minimarket Rorotan 2,-6.141598,106.95607
B02465P,Minimarket Sunter Jaya 2,-6.154491,106.86168
B02466P,Minimarket Warakas 3,-6.119336,106.8772
B02467P,Mitra 10 Meruya Ilir,-6.196032,106.75605
B02468P,Mitra Gading Villa,-6.144694,106.90375
B02469P,Mitra Sunter,-6.149995,106.88648
B02470P,Mja Rawa Bambu,-6.292069,106.84179
B02471P,MNC Studios,-6.190376,106.76625
B02472P,Moch Yusuf Raya 1,-6.379631,106.84094
B02473P,Moch Yusuf Raya 2,-6.379677,106.84152
B02474P,MOI Kelapa Gading,-6.15082,106.88904
B02475P,Monas 1,-6.172531,106.82315
B02476P,Monas 2,-6.175999,106.82311
B02477P,Monas 3,-6.178787,106.82304
B02478P,Monumen Pancasila Sakti,-6.284861,106.90456
B02479P,Monumen Pancasila Sakti 2,-6.286381,106.90506
B02480P,MPR III Dalam,-6.285086,106.807087
B02482P,MTsN 19,-6.304793,106.8017
B02483P,MTsN 20 Jakarta,-6.205197,106.95983
B02484P,MTsN 3 Jakarta,-6.282959,106.77181
B02486P,MTsN 38,-6.158498,106.95721
B02487P,MTsN 4 Jakarta,-6.34464,106.82613
B02488P,MTsN 5,-6.103478,106.93916
B02489P,Muara Angke,-6.110009,106.77471
B02490P,Muara Dalam,-6.304439,106.85088
B02491P,Muara Jaya Cipinang Muara III,-6.218829,106.89241
B02492P,Muara Karang Raya,-6.116812,106.78016
B02494P,Multivision Tower,-6.212282,106.83292
B02495P,Munggang 1,-6.276272,106.85299
B02497P,Museum Bahari 1,-6.127695,106.80845
B02499P,Museum Bank Indonesia,-6.137242,106.81332
B02501P,Museum Nasional,-6.176403,106.82263
B02502P,Museum Nasional VIsible Storage,-6.307188,106.89653
B02503P,Museum Proklamasi,-6.200007,106.83113
B02504P,Museum Satria Mandala,-6.230525,106.81963
B02505P,Museum Textile,-6.188656,106.80954
B02506P,Mushola Al Achyar Cipete,-6.262158,106.80415
B02507P,Mushola Al Barkah,-6.184846,106.95902
B02508P,Mushola Al Hidayah Batu Ampar,-6.274675,106.86059
B02509P,Mushola Al Hidayah Bukit Duri,-6.222424,106.85522
B02510P,Mushola Al Jihad Perintis Kemerdekaan,-6.173541,106.89171
B02512P,Mushola Al Muhajirin Cibubur,-6.360526,106.87535
B02513P,Mushola Almujtahida Rorotan,-6.14607,106.95648
B02514P,Mushola As Salam Batu Ampar,-6.271313,106.86033
B02515P,Mushola At Taufiq,-6.261415,106.86704
B02516P,Mushola Baitul Qorib,-6.153817,106.80799
B02519P,Musholla Al Mukhlisin 2,-6.127774,106.91799
B02520P,Musholla Darussalam 1,-6.292685,106.90081
B02521P,Musholla Darussalam 2,-6.292949,106.90079
B02522P,Musholla Guru Saenan,-6.22191,106.90469
B02523P,Musholla Nurul Falah Kemanggisan,-6.189303,106.78649
B02524P,Musholla Nurul Hikmah Bulak Ringin,-6.353984,106.87366
B02525P,Mutiara Pulo Dukuh,-6.302629,106.87781
B02526P,Mutiara Taman Palem,-6.136859,106.73136
B02527P,Nabawi Islamic School,-6.205542,106.89008
B02528P,Naga Ciracas,-6.331233,106.86725
B02529P,Naga Jatiwaringin,-6.248395,106.90784
B02532P,Nifarro Park,-6.263007,106.84332
B02533P,Nizamia Andalusia,-6.307781,106.8977
B02534P,Nurul Fikri Buaran,-6.220706,106.91798
B02535P,Nusantara,-6.227142,106.88136
B02536P,Olieku Jln. Aries Permai,-6.197188,106.74819
B02538P,One Belpark 1,-6.304695,106.79445
B02539P,One Belpark 2,-6.303784,106.79445
B02540P,One Park Residences,-6.245436,106.78844
B02541P,Otorita Asahan,-6.223991,106.8159
B02543P,Pacuan Kuda Pulo Mas 1,-6.179212,106.88719
B02544P,Pacuan Kuda Pulo Mas 2,-6.179981,106.88736
B02547P,Pademangan WTC Mangga Dua,-6.133347,106.83147
B02548P,Pajak Dan Retribusi Cakung,-6.205256,106.9312
B02549P,Pajak Dan Retribusi Duren Sawit,-6.230968,106.89767
B02550P,Pajak Dan Retribusi Grogol Petamburan,-6.176435,106.7976
B02551P,Pakualam,-6.232864,106.64262
B02553P,Pal Batu 1,-6.224652,106.84731
B02554P,Pal Batu 2,-6.224559,106.8446
B02556P,Palem Semi 1,-6.218812,106.61807
B02557P,Palem Semi 2,-6.220361,106.61649
B02558P,Pam Jaya DKI,-6.203455,106.80794
B02559P,Pancoran 1,-6.246552,106.84291
B02560P,Pancoran Barat 1,-6.241969,106.83791
B02562P,Pancoran Soepomo,-6.241568,106.84441
B02564P,Pangeran Jayakarta 1,-6.137775,106.81766
B02565P,Pangeran Jayakarta 2,-6.137528,106.81757
B02566P,Pangkalan Jati,-6.24762,106.90755
B02567P,Pangkalan Jati 1,-6.246775,106.90827
B02568P,Pangkalan Jati 2,-6.247263,106.90777
B02569P,Pangkalan Keramat Semanan Raya,-6.161376,106.70509
B02572P,Pansoshan Anak Putra Utama I,-6.237027,106.91843
B02573P,Panti Asuhan Anak Putra Utama 1,-6.219328,106.90499
B02574P,Panti Asuhan Putera Mulia,-6.188966,106.88841
B02575P,Panti Perwira,-6.181245,106.8374
B02576P,Panti Sosial Bina Laras,-6.31946,106.89013
B02578P,Ps. Anyar Bahari,-6.114292,106.8794
B02579P,Ps. Asem Reges,-6.15812,106.82718
B02580P,Ps. Asemka,-6.140507,106.81149
B02581P,Pasar Baru Gedung Kesenian Jakarta,-6.166751,106.83524
B02582P,Pasar Baru Timur 1,-6.162185,106.83798
B02583P,Ps. Bebek Marunda 1,-6.110577,106.94804
B02584P,Ps. Bebek Marunda 2,-6.111296,106.94801
B02585P,Ps. Benda,-6.228043,106.91575
B02586P,Ps. Bintang Mas,-6.207614,106.79025
B02589P,Ps. BKT Rorotan IX,-6.154535,106.96958
B02593P,Ps. Bulog,-6.189316,106.87831
B02594P,Ps. Cempaka Putih 1,-6.172533,106.86244
B02595P,Ps. Cibubur,-6.345631,106.87229
B02596P,Ps. Cipinang Kebembem,-6.211809,106.88692
B02597P,Ps. Ciplak,-6.23974,106.88002
B02598P,Ps. Ciplak Cibesel,-6.236104,106.88067
B02599P,Ps. Cipulir,-6.237895,106.76523
B02600P,Ps. Ciputat,-6.315627,106.74688
B02602P,Ps. Duta Mas,-6.150642,106.78109
B02603P,Ps. Enjo 1,-6.215023,106.87779
B02604P,Ps. Enjo 2,-6.214775,106.87785
B02605P,Ps. Enjo Pisangan Lama,-6.211289,106.8756
B02607P,Ps. Gantung,-6.17688,106.80615
B02609P,Ps. Gembrong Baru,-6.179762,106.86075
B02612P,Ps. Hek 1,-6.286298,106.87083
B02613P,Ps. Hek 2,-6.286261,106.87094
B02614P,Ps. Hipli Semanan,-6.156838,106.70633
B02615P,Ps. Inpres Cipinang Besar,-6.22645,106.88078
B02616P,Ps. Inpres Kebayoran,-6.235633,106.78445
B02617P,Ps. Jelambar Polri,-6.160652,106.77891
B02619P,Ps. Johar Baru,-6.18433,106.85545
B02620P,Ps. Jongkok,-6.108844,106.93442
B02621P,Ps. Kaget Pengadegan,-6.249871,106.85659
B02623P,Ps. Kam 2,-6.231603,106.87402
B02625P,Ps. Kebayoran Lama 1,-6.238477,106.7833
B02627P,Ps. Kemayoran,-6.161032,106.8549
B02628P,Ps. Kembang Kb. Jeruk,-6.206053,106.78309
B02629P,Ps. Kemiri 1,-6.164976,106.74928
B02630P,Ps. Kemiri 2,-6.164851,106.74934
B02631P,Ps. Keramik Panglima Polim,-6.252307,106.797286
B02633P,Ps. Klender,-6.212603,106.901141
B02635P,Ps. Kopro,-6.176185,106.78364
B02636P,Ps. Kopro 2,-6.177343,106.78369
B02637P,Ps. Kramat Jati 1,-6.269058,106.86691
B02638P,Ps. Kramat Jati 2,-6.269037,106.86664
B02639P,Ps. Lenteng Agung,-6.331072,106.83286
B02640P,Ps. Lokbin Muria,-6.220614,106.83827
B02642P,Ps. Malaka Rorotan,-6.13998,106.95493
B02643P,Ps. Mandiri Kelapa Gading,-6.160819,106.90862
B02645P,Ps. Menteng Pulo,-6.221436,106.84529
B02647P,Pasar Minggu,-6.284413,106.84414
B02648P,Ps. Mini Halim,-6.251402,106.88812
B02649P,Ps. Mitra,-6.145437,106.80695
B02650P,Ps. Muara Karang,-6.116367,106.77824
B02653P,Ps. Pagi Mangga Dua,-6.136636,106.82182
B02654P,Ps. Palad,-6.186802,106.90277
B02656P,Ps. Palmerah 2,-6.207194,106.79624
B02658P,Ps. Pedok,-6.234107,106.84435
B02659P,Ps. Pejagalan,-6.137452,106.80728
B02660P,Ps. Pengampuan,-6.199338,106.76094
B02661P,Ps. Pesanggrahan 2,-6.251811,106.75631
B02662P,Ps. Pisang,-6.207851,106.79278
B02663P,Ps. Pisang Rawa Buaya,-6.156887,106.72783
B02664P,Ps. Poncol,-6.174945,106.84557
B02665P,Ps. Pondok Bambu 1,-6.238102,106.90243
B02666P,Ps. Pondok Bambu 2,-6.23817,106.90256
B02667P,Ps. Pondok Gede,-6.285665,106.91158
B02668P,Ps. Pondok Labu,-6.312034,106.79409
B02670P,Ps. Pulo Gadung 1,-6.187336,106.90597
B02671P,Ps. Pulo Gadung 2,-6.18751,106.90589
B02672P,Ps. Pulo Gadung 3,-6.186328,106.90568
B02673P,Ps. Pulo Gadung 4,-6.186369,106.90572
B02674P,Ps. Puri,-6.184311,106.75371
B02678P,Ps. Santa,-6.238971,106.8126
B02679P,Ps. Sayur Cipulir,-6.237807,106.7674
B02680P,Ps. Senen Jaya,-6.177735,106.84216
B02681P,Ps. Serdang 1,-6.156262,106.86474
B02684P,Ps. Sinar Lagoa 2,-6.111862,106.90767
B02685P,Ps. Slipi,-6.190082,106.79564
B02686P,Ps. Sukapura,-6.141104,106.92196
B02687P,Ps. Sumur Batu 1,-6.164134,106.86486
B02688P,Ps. Sumur Batu 2,-6.164781,106.86461
B02689P,Ps. Tebet Barat,-6.239925,106.84775
B02691P,Ps. Timbul,-6.17289,106.79538
B02692P,Ps. Tomas,-6.179192,106.81306
B02693P,Ps. Ujung Menteng,-6.190104,106.96693
B02694P,Ps. Ular Plumpang,-6.130359,106.89453
B02695P,Ps. Warung Buncit,-6.255166,106.82493
B02696P,Patal Senayan,-6.218636,106.79227
B02697P,Patra Kuningan 1,-6.233264,106.8318
B02699P,PAUD Tunas Bahari,-6.237005,106.91505
B02700P,PD Pal Jaya,-6.204776,106.83034
B02704P,Pedati,-6.225717,106.87473
B02705P,Pedati 1,-6.223885,106.87445
B02706P,Pedati 2,-6.222237,106.87435
B02707P,Pedati Prumpung 1,-6.219904,106.87421
B02709P,Pelabuhan Kali Adem,-6.104615,106.77094
B02711P,Pemadam Ciracas,-6.328502,106.87906
B02712P,Pemadam Grogol Utara,-6.213835,106.77772
B02713P,Pemadam Jagakarsa,-6.315585,106.81166
B02716P,Pemadam Mampang Prapatan,-6.239988,106.82684
B02718P,Pemadam Pos Tebet,-6.240021,106.84547
B02719P,Pemadam Sektor V Cempaka Putih,-6.17417,106.86025
B02720P,Pemadam Tj. Duren,-6.17371,106.78793
B02723P,Penas Kalimalang 2,-6.239095,106.87826
B02725P,Pengadegan Barat II,-6.249435,106.85148
B02726P,Pengadegan Barat III,-6.250035,106.85296
B02727P,Pengadegan Barat VI,-6.250117,106.85397
B02728P,Pengadegan Barat VII,-6.250143,106.85423
B02729P,Pengadegan Barat XIII,-6.250622,106.854464
B02730P,Pengadegan Selatan III,-6.251274,106.855803
B02731P,Pengadilan Agama 1A Jaktim,-6.340105,106.87746
B02732P,Pengadilan Negeri Jaksel 1,-6.281672,106.81949
B02733P,Pengadilan Negeri Jaksel 2,-6.280584,106.81982
B02734P,Pengadilan Negeri Jakut,-6.126807,106.85654
B02735P,Pengayoman,-6.175358,106.64801
B02736P,Perdatam,-6.249502,106.84284
B02737P,Perempatan Cempaka Putih Barat XXVI,-6.176166,106.86402
B02739P,Perempatan Jln. Cempaka Putih Tengah XIII,-6.176256,106.87065
B02741P,Perguruan Advent VII Rawamangun,-6.198145,106.88812
B02742P,Perlintasan Bendi Utama,-6.249439,106.77439
B02743P,Perlintasan Bintaro Puspita 1,-6.264875,106.7569
B02744P,Perlintasan Bintaro Puspita 2,-6.264838,106.75679
B02745P,Perlintasan KA Rajawali,-6.147838,106.83729
B02746P,Perlintasan Kereta Api Kebayoran,-6.240914,106.78098
B02747P,Permai Koja 1,-6.113894,106.89287
B02748P,Permai Koja 2,-6.113777,106.89326
B02749P,Permata Eksekutif 1,-6.216906,106.76541
B02750P,Permata Eksekutif 2,-6.216798,106.76524
B02751P,Permata Hijau 1,-6.22257,106.79028
B02752P,Permata Hijau RS Medika 1,-6.218855,106.77808
B02753P,Permata Hijau RS Medika 2,-6.218114,106.777
B02755P,Perpustakaan Nasional,-6.180673,106.82643
B02756P,Perpustakaan Umum Daerah,-6.222302,106.83261
B02757P,Persada Purnawira Halim,-6.259498,106.88584
B02758P,Persahabatan,-6.20222,106.88512
B02759P,Pertamina Bina Medika,-6.253111,106.77389
B02760P,Pertamina Kalideres Daan Mogot,-6.15571,106.70927
B02761P,Pertamina Kilang Minyak,-6.108789,106.90537
B02762P,Pertani,-6.256308,106.84325
B02763P,Pertigaan Al Baidho 1,-6.293971,106.90439
B02765P,Pertigaan Al-Baidho,-6.295983,106.9
B02766P,Pertigaan Bintaro Taman Barat,-6.268807,106.75359
B02767P,Pertigaan Cedang 1,-6.301603,106.9125
B02768P,Pertigaan Cedang 2,-6.301587,106.91226
B02771P,Pertigaan Dewi Sartika,-6.258864,106.864131
B02772P,Pertigaan Duren Tiga Raya,-6.254221,106.82769
B02773P,Pertigaan H. Naim Cilandak Barat,-6.287426,106.80233
B02774P,Pertigaan H. Sadjim 2,-6.305402,106.91097
B02775P,Pertigaan H. Sadjim 3,-6.305788,106.91087
B02776P,Pertigaan H. Sadjim I,-6.305636,106.91091
B02778P,Pertigaan Manunggal Al-Baidho,-6.297607,106.89681
B02780P,Pertigaan Pagelarang 2,-6.303794,106.91755
B02781P,Pertigaan Pejaten Barat,-6.275464,106.82066
B02785P,Pertigaan Usman Harun,-6.254863,106.87358
B02788P,Perum Kedoya Garden,-6.1806,106.75004
B02789P,Perum Mutiara Indah Rorotan,-6.156135,106.96231
B02790P,Perum Pondok Kopi Indah,-6.221281,106.94164
B02791P,Perum Pondok Kopi Indah 1,-6.221642,106.94136
B02795P,Perum Sunter Hijau,-6.156617,106.87899
B02796P,Perum Taman Cipinang,-6.215186,106.88683
B02798P,Perum Taman Kota 2,-6.160549,106.75615
B02799P,Perum Taman Malaka,-6.231412,106.92868
B02800P,Perum Tpi 1,-6.197379,106.93513
B02801P,Perum Tpi 2,-6.19745,106.93516
B02802P,Perum Villa Kelapa Dua,-6.216674,106.76745
B02803P,Perumahan BDN Cilandak,-6.284482,106.79946
B02804P,Perumahan Buddha Tzu Chi 1,-6.107548,106.77192
B02805P,Perumahan Buddha Tzu Chi 2,-6.107634,106.77184
B02806P,Perumahan EKS Yon Angkub,-6.264169,106.87008
B02807P,Perumahan Grand Malaka Rorotan,-6.148925,106.95577
B02808P,Perumahan KFT 1,-6.135093,106.72983
B02810P,Perumahan Mawar Joglo,-6.215254,106.72525
B02811P,Perumahan Meruya Indah,-6.201783,106.7401
B02812P,Perumahan Perwira Mabad,-6.20261,106.78274
B02813P,Perumahan Purna Dharma,-6.216334,106.77313
B02814P,Perumahan TNI AU 1,-6.252552,106.90944
B02815P,Perumahan TNI AU 2,-6.25262,106.90928
B02816P,Perumahan Walikota Jakbar 1,-6.214325,106.72509
B02818P,Perumnas Klender 2,-6.216652,106.9308
B02819P,Pesing Polgar 1,-6.157848,106.7663
B02821P,Pesona Kalisari,-6.337634,106.85748
B02822P,Pesona Khayangan,-6.382532,106.83001
B02824P,Petojo 1,-6.170105,106.81698
B02825P,Petukangan Utara,-6.226035,106.75154
B02827P,PGC,-6.261811,106.8643
B02828P,PGC Dalam,-6.261841,106.8657
B02829P,PGP,-6.203394,106.93446
B02830P,Pharmin,-6.182988,106.81306
B02831P,Phe Tower Kebagusan,-6.299876,106.83323
B02832P,PIK Avenue,-6.108595,106.73978
B02833P,Pintu 2 Jembatan Semanan Raya,-6.155916,106.70954
B02835P,Pintu Air Gempol 1,-6.183327,106.95957
B02838P,Pintu Air Jembatan Merah,-6.146216,106.83417
B02839P,Pintu Air Kalimati,-6.138809,106.8329
B02840P,Pintu Air Menteng,-6.19598,106.83266
B02842P,Pintu Barat Ragunan 1,-6.310788,106.81622
B02844P,Pintu Exit Term. Pulo Gebang,-6.210368,106.95232
B02845P,Pintu II TMII,-6.297125,106.89246
B02847P,Pintu Kawasan 1,-6.189631,106.90646
B02848P,Pintu Kawasan 2,-6.1896,106.90629
B02850P,Pintu Masuk PIK 1,-6.203692,106.935101
B02851P,Pintu Masuk PIK 2,-6.203882,106.93521
B02852P,Pintu SMK 57,-6.291397,106.82357
B02853P,Pintu Timur Ragunan,-6.312081,106.82569
B02854P,Pintu Tol Cijago,-6.380896,106.86742
B02856P,PKB Pulo Gadung,-6.185733,106.90638
B02857P,PKP Jakarta Islamic School,-6.339371,106.88328
B02859P,Plaza Adorama,-6.258301,106.81519
B02860P,Plaza Blok M,-6.244978,106.79752
B02861P,Plaza Europa,-6.221188,106.61667
B02863P,Plaza Indonesia,-6.193733,106.8228
B02864P,Plaza Kalibata,-6.256423,106.85566
B02867P,Plaza Kemang 88,-6.270202,106.81539
B02868P,Plaza Oleos,-6.29771,106.82965
B02869P,Plaza Pp Condet 1,-6.302522,106.85729
B02870P,Plaza Pp Condet 2,-6.302391,106.85775
B02871P,Plaza Senayan 1,-6.224748,106.798376
B02873P,Plaza Sentral,-6.216247,106.81676
B02876P,PLN Corporate University 2,-6.300935,106.82136
B02877P,PLN Duren Tiga 1,-6.254389,106.83416
B02878P,PLN Duren Tiga 2,-6.254234,106.83445
B02880P,PLN Pusat,-6.240011,106.80376
B02881P,PLN Pusat Raya Tugu,-6.128057,106.92596
B02882P,PLN Senayan,-6.216832,106.79325
B02884P,PLTU,-6.113368,106.78533
B02885P,PLTU Pluit,-6.112358,106.78608
B02886P,Pluit 1,-6.115636,106.7909
B02887P,Pluit Karang Indah,-6.117576,106.78311
B02889P,Pluit Sakti,-6.122386,106.79432
B02890P,Plumpang Ps. Ular,-6.129105,106.89405
B02891P,Plumpang Pertamina 1,-6.127927,106.89336
B02893P,PMI,-6.241288,106.8351
B02895P,Poins Square,-6.289207,106.77718
B02896P,Polda Metro Jaya 1,-6.221726,106.80984
B02898P,Polres Jakut,-6.116415,106.89341
B02900P,Polsek Cengkareng 1,-6.146466,106.72881
B02902P,Polsek Cipayung,-6.308731,106.89937
B02903P,Polsek Ciputat 1,-6.310368,106.75502
B02904P,Polsek Ciputat 2,-6.310464,106.7551
B02905P,Polsek Duren Sawit,-6.247836,106.91726
B02906P,Polsek Kelapa Gading,-6.162927,106.90748
B02907P,Polsek Kemayoran,-6.159927,106.852
B02908P,Polsek Kemayoran 2,-6.159595,106.85329
B02909P,Polsek Kembangan,-6.198313,106.73945
B02910P,Polsek Koja,-6.119814,106.91686
B02911P,Polsek Makasar,-6.290974,106.8845
B02912P,Polsek Pasar Rebo,-6.336745,106.8681
B02913P,Polsek Tanah Abang,-6.201325,106.809577
B02914P,Polsek Tj. Priok,-6.115316,106.88029
B02915P,Poltangan,-6.295763,106.84087
B02916P,Poltek Bunda Kandung,-6.312052,106.83849
B02918P,Pom Ad 1,-6.261949,106.84328
B02919P,Pom Bensin Ciputat,-6.321313,106.74627
B02920P,Pom Bensin Mulyadi,-6.252929,107.02303
B02921P,Pomad 2,-6.261758,106.84311
B02922P,Pompa VIaduct Ancol,-6.131663,106.83107
B02924P,Pondok Gede Raya,-6.289531,106.88027
B02927P,Pondok Kelapa Indah,-6.247534,106.92144
B02928P,Pondok Kelapa Raya Kalimalang,-6.24883,106.9354
B02930P,Pondok Yatim Kembang Kerep,-6.196073,106.74241
B02931P,Ponpes Alhikmah Rorotan,-6.131569,106.95537
B02933P,Ponpes Baitul Quran Al Ikhwan 2,-6.12889,106.96502
B02934P,Ponpes Darunnajah,-6.24664,106.7628
B02935P,Ponpes Musyarrofah,-6.22587,106.74483
B02936P,Pool Blue Bird Cijantung,-6.321667,106.86516
B02939P,Pool Blue Bird Puri 2,-6.160742,106.72685
B02940P,Pool Express Tanah Kusir,-6.255345,106.76911
B02941P,Pool Hiba Utama 1,-6.206384,106.90269
B02942P,Pool Hiba Utama 2,-6.20608,106.90261
B02943P,Pool Mayasari Bakti,-6.202095,106.90445
B02945P,Pool PPD Ciputat,-6.331231,106.74851
B02946P,Pool PPD Kec. Pulo Gadung,-6.199649,106.90477
B02947P,Pool Taksi,-6.188631,106.93426
B02948P,Pool Taksi Tanah Kusir,-6.254506,106.77741
B02949P,Port Medical Center,-6.110114,106.88939
B02950P,Portal Darul Falah Petukangan,-6.22749,106.75234
B02953P,Pos 9 Pelabuhan Jict,-6.107294,106.8957
B02954P,Pos Bungur Batu Ampar,-6.277838,106.86067
B02956P,Pos Jaga Trikora 1,-6.241638,106.87981
B02957P,Pos Jaga Trikora 2,-6.241673,106.87978
B02960P,Pos Masuk Halim Squadron 1,-6.270578,106.87774
B02961P,Pos Masuk Halim Squardon 2,-6.270523,106.87772
B02962P,Pos Pantau Kostrad Petukangan,-6.230734,106.75348
B02963P,Pos Pengampuan,-6.199264,106.76162
B02964P,Pos Pengumben 1,-6.213215,106.77228
B02965P,Pos Polisi Satrio,-6.225044,106.82827
B02966P,Pos Rw 06 Pondok Bambu,-6.229454,106.90441
B02967P,Pos RW 10 Jingga Raya,-6.163696,106.90887
B02968P,Pos RW 16 Tj. Gedong,-6.167462,106.79333
B02969P,Posh Harapan Indah Raya,-6.193852,106.97683
B02970P,Pospol Bendungan Hilir,-6.213858,106.8131
B02972P,Pospol Jati Bunder,-6.189707,106.81317
B02974P,Pospol Makasar,-6.246997,106.90659
B02975P,Pospol Pemuda Kayu Jati V,-6.193153,106.88618
B02977P,Pospol PIK Penggilingan,-6.203442,106.93258
B02979P,Pospol Taman Aries,-6.195419,106.7442
B02980P,Pospol Tomang 1,-6.174344,106.80497
B02981P,Pospol Tomang 2,-6.174341,106.80489
B02982P,Potlot,-6.254634,106.84265
B02983P,PPI,-6.170855,106.82136
B02984P,PPKD Jaktim,-6.247777,106.94236
B02985P,Prajawangsa 1,-6.32145,106.86508
B02987P,Praktekan Bangunan Barat 1,-6.189877,106.88165
B02988P,Praktekan Bangunan Barat 2,-6.189786,106.88164
B02989P,Prasetya Mulya,-6.291895,106.78922
B02990P,Pratama Abadi,-6.233124,106.64256
B02992P,PTIK,-6.245461,106.80758
B02993P,PTT,-6.109953,106.88381
B02994P,PTUN Jakarta,-6.196388,106.84025
B02995P,PU Irigasi,-6.201479,106.81079
B02996P,Pulo Asem,-6.193384,106.89463
B02997P,Pulo Gadung,-6.183245,106.90868
B02998P,Pulo Gadung 3,-6.181757,106.90867
B02999P,Pulo Gadung 4,-6.184383,106.90798
B03000P,Pulo Gadung 5,-6.182228,106.90901
B03001P,Pulo Kamboja,-6.215656,106.79376
B03002P,Pulo Mas 1,-6.174644,106.89288
B03003P,Pulo Mas 2,-6.174677,106.892419
B03005P,Pulo Mas Residence,-6.175379,106.88744
B03006P,Pulo Mas Ruko,-6.178306,106.89677
B03007P,Punto Dewo Gardu 1,-6.289714,106.8927
B03008P,Punto Dewo Gardu 2,-6.289746,106.89261
B03009P,Puri Agung,-6.150977,106.72798
B03010P,Puri Ardhya Garini,-6.25703,106.88392
B03011P,Puri Botanical,-6.217893,106.74621
B03012P,Puri Casablanca,-6.225081,106.8384
B03014P,Puri Imperium,-6.210463,106.83229
B03015P,Puri Kembangan,-6.188874,106.73514
B03016P,Puri Mansion Apartement,-6.177925,106.72821
B03017P,Puri Margasatwa,-6.31161,106.80887
B03018P,Puri Park View,-6.192136,106.75572
B03020P,Pusat Buah Segar Green Ville,-6.169454,106.77281
B03022P,Pusat Mode Tanah Abang,-6.18684,106.81579
B03024P,Pusat Pengelolaan Komplek Kemayoran,-6.151371,106.84188
B03027P,Pusat Promosi Ikan Hias,-6.183173,106.85602
B03028P,Pusat Promosi Industri Kayu Mebel,-6.202854,106.90366
B03029P,Pusdikkes,-6.277716,106.86938
B03030P,Pusdiklat Batan,-6.293368,106.772
B03031P,Pusdiklat Bps Jagakarsa,-6.331167,106.83154
B03032P,Pusdiklat Kemenag 1,-6.312075,106.75228
B03033P,Pusdiklat Kemenag 2,-6.312209,106.75252
B03034P,Pusdiklat Pajak Jln. Sakti IV,-6.188239,106.78441
B03037P,Pusenlis,-6.187443,106.80804
B03038P,Puskesmas Balekambang,-6.284147,106.85164
B03039P,Puskesmas Batu Ampar,-6.283558,106.85936
B03040P,Puskesmas Cakung,-6.198025,106.90511
B03041P,Puskesmas Cengkareng,-6.144546,106.72866
B03042P,Puskesmas Cibubur,-6.355699,106.87916
B03043P,Puskesmas Cilincing,-6.103756,106.93943
B03044P,Puskesmas Ciracas,-6.311774,106.87472
B03046P,Puskesmas Halim 1,-6.288345,106.89237
B03047P,Puskesmas Halim 2,-6.267443,106.87732
B03048P,Puskesmas Kebayoran Baru,-6.247225,106.80572
B03049P,Puskesmas Kb. Jeruk,-6.198765,106.76534
B03050P,Puskesmas Kelapa Gading,-6.157489,106.90703
B03051P,Puskesmas Kel. Dukuh,-6.302654,106.88026
B03052P,Puskesmas Kel. Gunung,-6.239678,106.79024
B03054P,Puskesmas Kel. Papanggo,-6.129791,106.87234
B03055P,Puskesmas Kel. Semper Barat II,-6.136069,106.92169
B03056P,Puskesmas Kel. Warakas,-6.120743,106.87539
B03057P,Puskesmas Kota Bambu Selatan,-6.186436,106.80737
B03058P,Puskesmas Malaka Sari,-6.2306,106.92955
B03059P,Puskesmas Meruya Utara,-6.199719,106.74148
B03060P,Puskesmas Pasar Minggu,-6.320616,106.82544
B03061P,Puskesmas Pasar Rebo,-6.339083,106.86148
B03062P,Puskesmas Petojo Utara,-6.168238,106.81088
B03063P,Puskesmas Pondok Pinang,-6.277299,106.7727
B03064P,Puskesmas Rawamangun,-6.197034,106.88839
B03066P,Puskesmas Tambora,-6.147656,106.80718
B03067P,Putaran Karang Tengah,-6.306832,106.78171
B03068P,Ra Ilham Koja,-6.116074,106.91027
B03069P,RA Kartini,-6.282151,106.77315
B03070P,Raffles Christian School,-6.27959,106.77875
B03071P,Ragunan 1,-6.305305,106.81831
B03072P,Ragunan 2,-6.305283,106.81855
B03073P,Ramayana Cengkareng,-6.153197,106.72803
B03075P,Ramayana Semper,-6.127723,106.91711
B03077P,Ratu Prabu,-6.292014,106.80853
B03078P,Rawa Bambu,-6.294753,106.84078
B03079P,Rawa Barat 1,-6.238813,106.8159
B03080P,Rawa Binong Lubang Buaya,-6.297294,106.903
B03082P,Rawa Buaya 2,-6.153725,106.72613
B03083P,Rawa Selatan 1,-6.174148,106.85794
B03084P,Rawa Selatan 2,-6.173813,106.85771
B03085P,Rawa Sengon,-6.142574,106.90094
B03086P,Raya Bekasi Pulo Gebang 1,-6.187709,106.96005
B03088P,Raya Condet Munggang 2,-6.274052,106.85559
B03090P,Raya Penggilingan,-6.183068,106.93194
B03091P,Raya Pulo Gebang Akses St. Cakung,-6.216671,106.95301
B03093P,Rengas,-6.238871,106.81704
B03094P,Rest Area Cibubur,-6.339993,106.89078
B03095P,Rest Area Km 13 Jakarta Merak,-6.214583,106.68105
B03096P,Rest Area Km 13 Merak Jakarta,-6.214273,106.67784
B03097P,Rest Area TMII,-6.29467,106.8812
B03098P,Rindang Alam,-6.310511,106.9003
B03101P,Romantis PIK Penggilingan,-6.205114,106.92803
B03102P,Rorotan BKT,-6.13934,106.96917
B03103P,Rorotan IX Gg. V,-6.155712,106.95972
B03104P,Roxy,-6.165833,106.80925
B03105P,Roxy Square,-6.166209,106.79957
B03106P,Roxy Square 1,-6.167189,106.79981
B03107P,Roxy Square 2,-6.167221,106.79975
B03108P,RPHU Rorotan,-6.13408,106.95508
B03109P,RPTRA Dukuh,-6.301412,106.87583
B03111P,RPTRA Kampung Pulo Asri,-6.277931,106.88373
B03112P,RPTRA Menara,-6.212997,106.73123
B03113P,RPTRA Mutiara Rawabinong,-6.298029,106.90484
B03114P,RPTRA Radar Pembangunan,-6.120156,106.89643
B03115P,RPTRA Taman Apel,-6.1717,106.78412
B03116P,RPTRA Teratai Tebet Timur,-6.235589,106.853483
B03117P,RPTRA Udara Segar 126,-6.282793,106.86397
B03119P,RS Adhiyaksa,-6.307077,106.8932
B03122P,RS Asshobirin 1,-6.258627,106.65185
B03123P,RS Asshobirin 2,-6.258481,106.65199
B03125P,RS Bhakti Mulia,-6.199881,106.80092
B03126P,RS Budi Jaya,-6.218825,106.84519
B03128P,RS Ciputra,-6.123683,106.70511
B03129P,RS Citra Harapan,-6.185004,106.97723
B03130P,RS Dharma Nugraha,-6.196153,106.88615
B03131P,RS Dr Mintohardjo,-6.211193,106.81231
B03132P,RS Dr Suyoto,-6.267779,106.76599
B03133P,RS Duren Sawit,-6.229777,106.90969
B03134P,RS Duren Sawit 1,-6.230656,106.91014
B03135P,RS Duren Sawit 2,-6.232262,106.91019
B03136P,RS Fatmawati,-6.29354,106.79522
B03137P,RS Gading Pluit,-6.166419,106.91558
B03138P,RS Grand Family,-6.123468,106.73897
B03139P,RS Haji Jakarta,-6.290313,106.88948
B03140P,RS Harapan Bunda 1,-6.302069,106.86806
B03141P,RS Harum,-6.24778,106.90951
B03142P,RS Hermina,-6.22085,106.86512
B03143P,RS Hermina Podomoro,-6.145342,106.86156
B03144P,RS Islam Pondok Kopi,-6.220062,106.93908
B03145P,RS Islam Pondok Kopi 1,-6.220444,106.94078
B03146P,RS Islam Pondok Kopi 2,-6.220383,106.94075
B03148P,RS Jantung Binawaluya,-6.30841,106.87071
B03149P,RS Mata Menteng,-6.198384,106.83704
B03150P,RS Medika Permata Hijau 3,-6.218375,106.77849
B03151P,RS Medika Permata Hijau 4,-6.218438,106.77855
B03152P,RS Mediros,-6.179626,106.90387
B03153P,RS Medistra,-6.240411,106.83412
B03154P,RS Mitra Kelapa Gading,-6.152389,106.89745
B03155P,RS Mitra Keluarga 1,-6.240672,106.99317
B03156P,RS Mitra Keluarga 2,-6.24088,106.99285
B03157P,RS Mitra Keluarga Kemayoran,-6.152358,106.85802
B03158P,RS Moh Ridwan Meuraksa,-6.294684,106.88179
B03160P,RS Mulyasari,-6.129501,106.90615
B03161P,RS Omni Pulo Mas,-6.180347,106.88515
B03162P,RS Pelabuhan Jakarta,-6.124553,106.9168
B03163P,RS Pelni,-6.193033,106.80542
B03164P,RS PIK,-6.112331,106.75294
B03165P,RS PIK 2,-6.112549,106.75264
B03166P,RS Pluit,-6.125386,106.79987
B03167P,RS Polri Jaktim,-6.27067,106.86732
B03169P,RS Pusat Pertamina 1,-6.241352,106.79315
B03170P,RS Pusat Pertamina 2,-6.241189,106.79301
B03171P,RS Pusat Pertamina 3,-6.239806,106.79431
B03172P,RS Pusdikkes,-6.277538,106.86917
B03173P,RS Restu Kasih,-6.26606,106.86598
B03174P,RS Setia Mitra 1,-6.281325,106.7964
B03177P,RS Siloam,-6.292071,106.78467
B03178P,RS Siloam Kb. Jeruk,-6.190432,106.76302
B03179P,RS Sukmul Sisma Medika,-6.112315,106.88236
B03180P,RS Sumber Waras 1,-6.166392,106.79756
B03181P,RS Sumber Waras 2,-6.166121,106.79784
B03183P,RS Tria Dipa,-6.250297,106.84261
B03184P,RS Zahirah,-6.335452,106.82382
B03185P,RSAU Dr Esnawan Antariksa 1,-6.256566,106.89152
B03186P,RSAU Dr Esnawan Antariska 2,-6.256569,106.89139
B03187P,RSCM 1,-6.198831,106.84636
B03188P,RSIA Aries,-6.157776,106.80822
B03189P,RSIA Asta Nugraha,-6.22182,106.91487
B03191P,RSIA Bunda,-6.196714,106.83658
B03192P,RSIA Bunda 2,-6.196015,106.83672
B03193P,RSIA Bunda Aliyah 1,-6.233285,106.8966
B03194P,RSIA Bunda Aliyah 2,-6.233177,106.89654
B03195P,RSIA Duren Tiga 1,-6.253592,106.8413
B03196P,RSIA Duren Tiga 2,-6.253509,106.84135
B03197P,RSIA Kemang,-6.285839,106.8188
B03198P,RSJ Dr Soeharto Heerdjan,-6.162636,106.78956
B03199P,RSPAD 1,-6.176162,106.83987
B03201P,RSPAD 3,-6.175462,106.83922
B03202P,RSU Andhika,-6.344535,106.81428
B03203P,RSU Dr Euis,-6.245428,106.94255
B03204P,RSU Pekerja Sukapura,-6.145072,106.92271
B03205P,Rsu Pengayoman,-6.214694,106.88352
B03206P,RSUD Boulevard Raya,-6.13781,106.7304
B03207P,RSUD Cengkareng,-6.142238,106.73398
B03208P,RSUD Cilincing,-6.112966,106.92607
B03211P,RSUD Koja,-6.108205,106.89982
B03214P,RSUD Pasar Minggu,-6.293553,106.82083
B03215P,RSUD Pasar Rebo 1,-6.304584,106.86212
B03216P,RSUD Pasar Rebo 2,-6.304616,106.86245
B03217P,RSUD Pesanggrahan,-6.258241,106.75706
B03218P,RSUD Tj. Priok 1,-6.115837,106.88933
B03219P,RSUD Tj. Priok 2,-6.115831,106.88872
B03220P,RSUD Tarakan,-6.172239,106.81098
B03221P,RSUD Tugu Koja,-6.127292,106.90605
B03223P,Rukan Balai Pustaka,-6.198484,106.88611
B03225P,Rukan Radin Inten II,-6.235567,106.92282
B03226P,Rukan Teuku Umar,-6.195499,106.62391
B03227P,Ruko Aries Niaga,-6.192569,106.74462
B03228P,Ruko Boulevard Barat Raya,-6.152164,106.89078
B03230P,Ruko Bungur Besar,-6.161321,106.83979
B03231P,Ruko Cempaka Mas,-6.161942,106.87466
B03232P,Ruko City Resort Cengkareng,-6.132828,106.7345
B03233P,Ruko Cordoba 1,-6.112419,106.74356
B03234P,Ruko Cordoba 2,-6.112645,106.74356
B03235P,Ruko Cordoba 3,-6.110884,106.741082
B03236P,Ruko Enggano,-6.10982,106.88493
B03237P,Ruko Gading Bukit Indah,-6.149387,106.89917
B03238P,Ruko Gading Bukit Indah 2,-6.150303,106.89865
B03239P,Ruko Gading Kirana,-6.14617,106.89649
B03240P,Ruko Gading Kirana 2,-6.146962,106.89798
B03241P,Ruko Gading Kirana 3,-6.147948,106.89971
B03244P,Ruko Kemanggisan Raya,-6.196763,106.78222
B03245P,Ruko Mall Mangga Dua,-6.136684,106.82372
B03246P,Ruko Mega Grosir Cempaka Mas,-6.167009,106.87376
B03247P,Ruko Meruya Ilir,-6.197437,106.75067
B03248P,Ruko Moh Kahfi II,-6.335794,106.827
B03249P,Ruko Molek,-6.284483,106.90799
B03250P,Ruko Pangeran Jayakarta,-6.14274,106.82927
B03251P,Ruko Ps. Kebayoran Lama,-6.235822,106.78053
B03252P,Ruko Permata Senayan 1,-6.219856,106.79176
B03253P,Ruko Permata Senayan 2,-6.22148,106.79111
B03254P,Ruko Pondok Pinang Centre,-6.27349,106.77388
B03259P,Ruko Taman Cemara,-6.181009,106.97795
B03260P,Ruko Taman Duta Mas,-6.148626,106.78088
B03261P,Ruko Taman Kb. Jeruk,-6.197388,106.74818
B03264P,Rumah Pompa Industri,-6.144634,106.83396
B03265P,Rumah Sipitung,-6.100075,106.96054
B03266P,Rusun Benhil,-6.201418,106.80789
B03267P,Rusun Cakung Barat Albo,-6.16751,106.93243
B03269P,Rusun Cinta Kasih Tzu Chi,-6.132625,106.73559
B03270P,Rusun Cipinang Besar Selatan,-6.231625,106.88288
B03271P,Rusun Cipinang Muara,-6.223401,106.89525
B03272P,Rusun Flamboyan,-6.131366,106.72427
B03273P,Rusun Jati Rawasari,-6.183517,106.86389
B03274P,Rusun Jatinegara Barat,-6.223016,106.86585
B03275P,Rusun Jatinegara Kaum,-6.211814,106.899422
B03276P,Rusun Jatinegara Kaum Depan,-6.212768,106.89945
B03277P,Rusun Kapuk Muara,-6.135667,106.76299
B03278P,Rusun Karang Anyar,-6.153256,106.82748
B03279P,Rusun Kemayoran,-6.153101,106.85347
B03280P,Rusun Klender,-6.216567,106.92868
B03281P,Rusun Komarudin,-6.208781,106.94252
B03282P,Rusun Marunda,-6.097099,106.96231
B03283P,Rusun Marunda 1,-6.098204,106.96232
B03284P,Rusun Marunda 2,-6.09826,106.96218
B03285P,Rusun Penjaringan,-6.130702,106.79487
B03286P,Rusun Pesakih,-6.161468,106.71698
B03287P,Rusun Pinus Elok Blok A,-6.201272,106.93757
B03289P,Rusun Pondok Bambu,-6.241583,106.91085
B03290P,Rusun Pulo Gebang,-6.201478,106.94975
B03291P,Rusun Rawa Bebek,-6.196241,106.9658
B03292P,Rusun Rempoa,-6.261641,106.7666
B03293P,Rusun Rorotan,-6.151766,106.95512
B03294P,Rusun Sukapura,-6.154874,106.92507
B03295P,Rusun Tambora,-6.147327,106.798676
B03296P,Rusun Tanah Abang 1,-6.192314,106.81481
B03297P,Rusun Tanah Abang 2,-6.192171,106.81474
B03298P,Rusun Tipar Cakung,-6.171493,106.93731
B03299P,Rusun Waduk Pluit,-6.111456,106.80022
B03300P,Saadatudarain,-6.217713,106.79229
B03301P,Sabar Raya,-6.241485,106.75189
B03302P,Sadar Raya Ciganjur 1,-6.342664,106.81256
B03304P,Saharjo UGM,-6.214596,106.84427
B03305P,Sahid Sudirman Center,-6.211191,106.81794
B03306P,Sakura Garden City,-6.322444,106.88866
B03307P,Sampoerna Strategic,-6.217152,106.81892
B03308P,Samsat BSD,-6.291005,106.6658
B03309P,Sangrila Indah 2,-6.237493,106.75906
B03310P,Santa Maria,-6.21939,106.86445
B03311P,Santo Lukas,-6.244763,106.84319
B03312P,Sari Pan Pacific,-6.185037,106.82325
B03313P,MH Thamrin 1,-6.188081,106.82317
B03314P,MH Thamrin 2,-6.188238,106.82277
B03315P,MH Thamrin 3,-6.187125,106.82378
B03318P,Sawo Kecik Raya,-6.224852,106.85489
B03319P,SD 01 Taman Mpu Sendok,-6.231785,106.81025
B03321P,SD Angkasa 7,-6.25083,106.88358
B03322P,SD Diakonia 1,-6.112155,106.7893
B03323P,SD Diakonia 2,-6.112346,106.78905
B03324P,SD Islam Al Izzah,-6.182778,106.97729
B03325P,SD Jatinegara Kaum,-6.19781,106.90496
B03327P,SD Kartika X-2,-6.25388,106.75637
B03328P,SD Kartika X-4,-6.259431,106.75611
B03329P,SD Paskalis 1,-6.177104,106.84827
B03330P,SD Pelita Jati Padang,-6.286616,106.82926
B03331P,SD Santa Maria Gambir,-6.167007,106.82442
B03332P,SDIT Al Huda Kelapa Gading,-6.171373,106.91094
B03335P,SDN Batu Ampar 02 03,-6.279021,106.860825
B03338P,SDN Bendungan Hilir 01,-6.207519,106.80898
B03340P,SDN Cempaka Putih Timur 03,-6.18514,106.86992
B03341P,SDN Cempaka Putih Timur 05,-6.185134,106.87003
B03342P,SDN Cengkareng Barat 05,-6.149878,106.72239
B03343P,SDN Cengkareng Timur 05,-6.149212,106.72804
B03344P,SDN Cibubur 01,-6.354808,106.87871
B03346P,SDN Cibubur 09/10/12/13,-6.35307,106.87298
B03347P,SDN Cibubur 11,-6.34213,106.87377
B03349P,SDN Cilandak Barat 15,-6.288696,106.80659
B03350P,SDN Cilandak Timur 01,-6.306334,106.81391
B03351P,SDN Cilincing 09,-6.107565,106.93718
B03352P,SDN Cipedak 03,-6.349096,106.80933
B03353P,SDN Cipedak 05,-6.354478,106.80119
B03355P,SDN Cipete Utara 09,-6.258171,106.803413
B03356P,SDN Cipinang Besar Selatan,-6.233133,106.88262
B03358P,SDN Ciracas 01,-6.326589,106.8639
B03359P,SDN Ciracas 11/15,-6.323356,106.88389
B03360P,SDN Dukuh 01,-6.287794,106.87406
B03361P,SDN Dukuh 05,-6.298845,106.87932
B03362P,SDN Duren Sawit 01,-6.226349,106.91359
B03363P,SDN Duren Sawit 02,-6.22516,106.91453
B03364P,SDN Duri Kepa 11,-6.186081,106.77526
B03366P,SDN Gondangdia 01,-6.194574,106.828791
B03367P,SDN Grogol Selatan 01,-6.229143,106.7787
B03368P,SDN Grogol Utara 03,-6.214998,106.7777
B03369P,SDN Gunung Sahari 01,-6.166112,106.8417
B03370P,SDN Jagakarsa 01,-6.328189,106.82025
B03371P,SDN Jagakarsa 05,-6.336947,106.81847
B03372P,SDN Jati 07,-6.202444,106.89727
B03373P,SDN Jatipulo 08,-6.180282,106.79911
B03374P,SDN Jelambar 08,-6.163394,106.78433
B03375P,SDN Jelambar Baru 01,-6.147765,106.78324
B03376P,SDN Joglo 03,-6.221939,106.73174
B03377P,SDN Johar Baru 10,-6.181262,106.86023
B03378P,SDN Kalisari 01,-6.336326,106.85466
B03379P,SDN Kebagusan 01,-6.305274,106.82737
B03380P,SDN Kb. Baru 09,-6.115952,106.92219
B03382P,SDN Kelapa Dua Wetan 01,-6.343207,106.8856
B03384P,SDN Kembangan Selatan 03,-6.177945,106.74782
B03385P,SDN Kota Bambu 03,-6.188023,106.80801
B03387P,SDN Lagoa,-6.112279,106.91169
B03389P,SDN Lebak Bulus 02,-6.303808,106.77775
B03391P,SDN Lebak Bulus 04,-6.30731,106.78049
B03393P,SDN Malakasari 13 15,-6.217487,106.92954
B03395P,Pal Batu 3,-6.225075,106.84149
B03396P,Kota Kasablanka,-6.224688,106.84246
B03397P,SDN Meruya Utara 02,-6.198756,106.74133
B03398P,SDN Meruya Utara 02 Pagi,-6.199267,106.74166
B03399P,SDN Meruya Utara 03 04,-6.194736,106.75583
B03401P,SDN Palmerah 09,-6.207705,106.78805
B03402P,SDN Pegangsaan Dua 06,-6.17679,106.9111
B03405P,SDN Penggilingan,-6.205255,106.93004
B03406P,SDN Penjaringan,-6.12527,106.80272
B03407P,SDN Penjaringan 3,-6.12509,106.80254
B03408P,SDN Pesanggrahan 10,-6.259714,106.75688
B03414P,SDN Pondok Jagung 2,-6.256133,106.65144
B03415P,SDN Pondok Kelapa 05,-6.240583,106.9428
B03416P,SDN Pondok Labu 11,-6.313269,106.80221
B03418P,SDN Pulo Gebang 13,-6.197112,106.96259
B03419P,SDN Pulo Gebang 20,-6.208286,106.95916
B03422P,SDN Rorotan 01,-6.15738,106.95587
B03423P,SDN Rorotan 02,-6.157419,106.9565
B03424P,SDN Rorotan 03,-6.144153,106.95627
B03426P,SDN Srengseng Sawah 01,-6.332965,106.8338
B03430P,SDN Sukasari Enam 1,-6.189785,106.6419
B03431P,SDN Sukasari Enam 2,-6.189308,106.64182
B03432P,SDN Sumur Batu 03 04,-6.158431,106.867626
B03434P,SDN Tj. Duren Utara 06 07,-6.184032,106.783329
B03435P,SDN Tengah 06,-6.292638,106.86181
B03436P,Sbr. Adem Ayem,-6.173945,106.96356
B03438P,Sbr. Agrowisata Cilangkap,-6.339822,106.90147
B03439P,Sbr. Airy Eco Binus,-6.195238,106.78878
B03440P,Sbr. Akademi Farmasi Mahadhika,-6.312606,106.86941
B03441P,Sbr. Akper Fatmawati Pondok Labu,-6.313126,106.79938
B03442P,Sbr. Akses Jembatan Ciliwung Balekambang,-6.283464,106.84945
B03443P,Sbr. Al Jabr Islamic School,-6.308238,106.80364
B03446P,Sbr. Anggur KDW,-6.334046,106.88116
B03447P,Sbr. Apartemen Gading Nias,-6.154013,106.91607
B03448P,Sbr. Apartemen Metro Sunter,-6.133956,106.87201
B03453P,Sbr. Bakti Mulya 400,-6.275921,106.77663
B03454P,Sbr. Balai Nikah Kembangan Utara,-6.181498,106.73445
B03455P,Sbr. Balai Rakyat,-6.224423,106.89902
B03457P,Sbr. BBPK Jakarta,-6.301958,106.79794
B03458P,Sbr. Bercabuana Sakti,-6.269784,106.76547
B03459P,Sbr. Bidan Ningsih Joglo,-6.216041,106.72912
B03460P,Sbr. Binus Syahdan,-6.200762,106.785
B03461P,Sbr. Bona Plaza Indah,-6.30108,106.78042
B03462P,Sbr. BPJS Jaksel,-6.249724,106.84327
B03464P,Sbr. Bukit Cinere Indah,-6.33992,106.78012
B03466P,Sbr. Bumi Gotong Royong,-6.326549,106.8534
B03467P,Sbr. Cakrawala I Gg 2,-6.112375,106.91529
B03468P,Sbr. Cakrawala I Gg 5,-6.112307,106.91351
B03470P,Sbr. Cek & Ricek,-6.215396,106.72955
B03471P,Sbr. Cempaka Putih Barat III,-6.176201,106.8618
B03473P,Sbr. Cibubur Indah II,-6.352143,106.88715
B03475P,Sbr. Cilincing Baru Raya,-6.106928,106.9271
B03478P,Sbr. Cipinang Lontar,-6.214204,106.88839
B03480P,Sbr. Daarus Saada Duri Kosambi,-6.176867,106.70744
B03482P,Sbr. Depo LRT Pegangsaan Dua,-6.154781,106.9137
B03483P,Sbr. Dinas Kesehatan DKI Jakarta,-6.171269,106.81508
B03484P,Sbr. Dirjen Anggaran,-6.227253,106.898692
B03486P,Sbr. DPP FPI,-6.194418,106.80523
B03487P,Sbr. Dukuh Permai Residence,-6.302554,106.87861
B03488P,Sbr. Duri Selatan III,-6.160083,106.80822
B03489P,Sbr. Duta Merlin,-6.168488,106.82011
B03491P,Sbr. EKS Komplek Gaya Motor,-6.105639,106.93077
B03492P,Sbr. Embun Pagi Islamic School,-6.247844,106.91894
B03494P,Sbr. Fuso,-6.176222,106.87668
B03496P,Sbr. Gg. 2 Rorotan IX,-6.157385,106.95785
B03498P,Sbr. Gg. Al Mawaddah Tengah,-6.287951,106.86292
B03500P,Sbr. Gg. Anawingka Naga Raya,-6.223549,106.90755
B03501P,Sbr. Gg. Asem Ciracas,-6.321411,106.87015
B03502P,Sbr. Gg. Asmat Petukangan,-6.244437,106.75203
B03505P,Sbr. Gg. Barokah Lingkar Timur,-6.196525,106.94396
B03506P,Sbr. Gg. Barokah Marunda,-6.127818,106.95885
B03507P,Sbr. Gg. Baronang Cibubur,-6.362495,106.88432
B03508P,Sbr. Gg. Baru,-6.302783,106.91193
B03510P,Sbr. Gg. Bhakti Lingkar Timur,-6.197386,106.94404
B03511P,Sbr. Gg. Bina Citra,-6.312002,106.87183
B03513P,Sbr. Gg. Bulak I Rorotan,-6.132862,106.9553
B03514P,Sbr. Gg. Bungur IX Rambutan,-6.316993,106.88461
B03515P,Sbr. Gg. CC Palmerah,-6.202017,106.7883
B03516P,Sbr. Gg. Cemara Cilandak KKO,-6.299539,106.81463
B03518P,Sbr. Gg. Condet Raya Prepedan,-6.111835,106.70561
B03519P,Sbr. Gg. Damai Lingkar Timur,-6.195487,106.94386
B03522P,Sbr. Gg. Film Jagakarsa,-6.322325,106.81114
B03524P,Sbr. Gg. Giat Raya Ciracas,-6.330095,106.86996
B03525P,Sbr. Gg. H Ahmad Nado,-6.304389,106.80236
B03528P,Sbr. Gg. H. Abdullah Marunda,-6.125689,106.95681
B03529P,Sbr. Gg. H. Amsar,-6.218664,106.77088
B03530P,Sbr. Gg. H. Anim Semanan,-6.168439,106.70621
B03531P,Sbr. Gg. H. Emur Pondok Labu,-6.301816,106.79626
B03532P,Sbr. Gg. H. Loong Tengah,-6.286908,106.863
B03535P,Sbr. Gg. H. Saibun Jati Padang,-6.289734,106.82889
B03538P,Sbr. Gg. H. Yahya Balekambang,-6.287134,106.85062
B03539P,Sbr. Gg. H. Yusuf Jati Padang,-6.29314,106.82863
B03540P,Sbr. Gg. Kancil Marunda,-6.106605,106.964807
B03541P,Sbr. Gg. Kebembem II,-6.208692,106.88489
B03543P,Sbr. Gg. Langga,-6.266354,106.88136
B03544P,Sbr. Gg. Langgar Kelapa Dua,-6.213145,106.76935
B03546P,Sbr. Gg. Masjid Al Istiqomah Tengah,-6.292648,106.86459
B03547P,Sbr. Gg. Muhi Pulo Gebang,-6.210823,106.95812
B03548P,Sbr. Gg. Mundu II Tengah,-6.292947,106.86324
B03549P,Sbr. Gg. Musholla Ragunan,-6.308188,106.81593
B03550P,Sbr. Gg. Nusa Indah Ciracas,-6.326059,106.86869
B03551P,Sbr. Gg. Oxport Kebantenan,-6.110926,106.92909
B03552P,Sbr. Gg. Padi Pelita Cipinang,-6.211895,106.88755
B03553P,Sbr. Gg. Pos Komodor,-6.265515,106.88332
B03554P,Sbr. Gg. Puas Cibubur,-6.347245,106.87416
B03555P,Sbr. Gg. Puskesmas Kebagusan Raya,-6.296651,106.82701
B03558P,Sbr. Gg. Robaya,-6.333212,106.82825
B03559P,Sbr. Gg. Rukun Lingkar Timur,-6.198378,106.94426
B03560P,Sbr. Gg. Rukun Lubang Buaya,-6.290453,106.90658
B03562P,Sbr. Gg. Sabar 2 Lingkar Timur,-6.199863,106.94476
B03563P,Sbr. Gg. Saminten,-6.379273,106.84919
B03565P,Sbr. Gg. Sawo Joglo,-6.217713,106.74968
B03566P,Sbr. Gg. Sejahtera Lingkar Timur,-6.200486,106.94504
B03568P,Sbr. Gg. Swadaya Pagelarang,-6.302718,106.91662
B03569P,Sbr. Gg. Tamansari Ragunan,-6.305226,106.81619
B03570P,Sbr. Gg. Trijaya IV Timur,-6.232282,106.85287
B03573P,Sbr. Gg. Warga Lubang Buaya,-6.287672,106.90589
B03574P,Sbr. Gg. Waru,-6.305912,106.91221
B03575P,Sbr. Gg. Yasto Cipete,-6.260998,106.80568
B03577P,Sbr. GBI Sungai Yordan,-6.166387,106.76987
B03579P,Sbr. Gedung Pompa Cideng Siantar,-6.173359,106.80682
B03580P,Sbr. Gedung Pompa Pinang,-6.112351,106.90317
B03582P,Sbr. Gelanggang Remaja Ciracas,-6.339531,106.88217
B03583P,Sbr. Gelanggang Remaja Tj. Priok,-6.138765,106.87197
B03584P,Sbr. Gereja HKBP Cilangkap,-6.334694,106.89746
B03585P,Sbr. Gereja HKBP Cipete,-6.272336,106.80074
B03586P,Sbr. Gereja HKBP Duren Sawit,-6.223357,106.91359
B03588P,Sbr. Gereja Jemaat Kiwi,-6.339179,106.87221
B03590P,Sbr. Gereja Kristen Jawa,-6.2014,106.88588
B03591P,Sbr. Gereja Oikumene,-6.262305,106.88696
B03592P,Sbr. Gereja Protestan Tugu,-6.123705,106.92338
B03593P,Sbr. Gereja Santa Maria Imakulata,-6.127641,106.70447
B03594P,Sbr. Gereja Sumber Kasih,-6.302784,106.78646
B03595P,Sbr. Giant Ekspres Pondok Kopi,-6.226376,106.94372
B03596P,Sbr. Goethe Institute,-6.189435,106.83131
B03597P,Sbr. Golden Fatmawati,-6.27688,106.79783
B03598P,Sbr. Golf Bandar Kemayoran,-6.1437,106.85384
B03599P,Sbr. GOR Ciracas,-6.325507,106.86388
B03603P,Sbr. Graha Delta Tengah,-6.293006,106.8596
B03604P,Sbr. Graha Dirgantara,-6.255569,106.88303
B03605P,Sbr. Graha Kencana,-6.190276,106.76529
B03606P,Sbr. Grand Palm,-6.178345,106.71575
B03607P,Sbr. Green Lake City,-6.177139,106.71077
B03609P,Sbr. Green VIlle Maisonet,-6.173913,106.77902
B03610P,Sbr. Grha Intirub,-6.265218,106.8758
B03611P,Sbr. Griya Galaxy 126,-6.283359,106.86429
B03612P,Sbr. Griya Harapan Permai,-6.183238,106.98168
B03614P,Sbr. H Satiri Manshur,-6.173971,106.74845
B03616P,Sbr. H. Samali,-6.265816,106.8442
B03618P,Sbr. HKBP Petukangan,-6.236565,106.75155
B03619P,Sbr. Hotel Mulia,-6.214132,106.79537
B03621P,Sbr. Imigrasi Kelas I Jaksel,-6.273261,106.77464
B03622P,Sbr. Industri SPBU Shell,-6.146667,106.83538
B03623P,Sbr. Institut Teknologi Budi Utomo,-6.221694,106.93904
B03624P,Sbr. Intilon,-6.151753,106.80766
B03626P,Sbr. ITC Fatmawati,-6.26343,106.7969
B03628P,Sbr. Jakarta Taipei School,-6.145918,106.90603
B03633P,Sbr. Jln. Ampel,-6.296958,106.89182
B03634P,Sbr. Jln. Anggrek Srengseng,-6.198239,106.75622
B03636P,Sbr. Jln. Angkasa 1,-6.19059,106.96803
B03637P,Sbr. Jln. Angsana Kemanggisan,-6.194813,106.78213
B03638P,Sbr. Jln. Aselih Cipedak,-6.351786,106.80153
B03640P,Sbr. Jln. Asem Pengantin Ali,-6.324578,106.88368
B03641P,Sbr. Jln. Asia Baru I,-6.169483,106.77107
B03642P,Sbr. Jln. Asshofa Raya,-6.213384,106.78163
B03644P,Sbr. Jln. B Basmol Raya,-6.16156,106.7519
B03645P,Sbr. Jln. Bak Air 1,-6.115009,106.87222
B03647P,Sbr. Jln. Bambu II Srengseng,-6.210918,106.75912
B03648P,Sbr. Jln. Batu Tulis II,-6.280513,106.86283
B03649P,Sbr. Jln. Belimbing Terusan,-6.115554,106.92156
B03652P,Sbr. Jln. Beo,-6.256595,106.75966
B03656P,Sbr. Jln. Bima Kemanggisan,-6.185664,106.78735
B03658P,Sbr. Jln. Buah Cijantung,-6.32942,106.86591
B03659P,Sbr. Jln. Buaran I,-6.221043,106.91661
B03660P,Sbr. Jln. Buaran III,-6.220582,106.91922
B03661P,Sbr. Jln. Bumi Pratama III,-6.296413,106.8784
B03663P,Sbr. Jln. Bunga Cempaka II Cipete,-6.268821,106.8063
B03664P,Sbr. Jln. Bungur IV Rambutan,-6.314526,106.88457
B03665P,Sbr. Jln. Bungur VIII Rambutan,-6.316067,106.88491
B03666P,Sbr. Jln. Busika Raya Ciracas,-6.330074,106.87292
B03669P,Sbr. Jln. Cakrawala,-6.264077,106.8843
B03670P,Sbr. Jln. Cambela Permai,-6.097476,106.69996
B03672P,Sbr. Jln. Cibubur Indah V,-6.350015,106.88411
B03673P,Sbr. Jln. Cibubur VI,-6.353616,106.87828
B03674P,Sbr. Jln. Cibubur VII,-6.356483,106.88044
B03675P,Sbr. Jln. Cikoko Timur I,-6.244364,106.85867
B03678P,Sbr. Jln. Cipinang Jaya,-6.214238,106.88701
B03679P,Sbr. Jln. Cipinang Latihan,-6.216314,106.88695
B03680P,Sbr. Jln. Dahlia KDW,-6.348824,106.88443
B03681P,Sbr. Jln. Damai,-6.242744,106.90195
B03682P,Sbr. Jln. Damai I Petukangan,-6.243883,106.75201
B03684P,Sbr. Jln. Danau Indah Timur,-6.149838,106.88152
B03685P,Sbr. Jln. Danau Singkarak,-6.207773,106.8111
B03686P,Sbr. Jln. Darma Wanita V,-6.160782,106.73104
B03687P,Sbr. Jln. Darmajaya Pejaten,-6.278599,106.84482
B03688P,Sbr. Jln. Daud I Sukabumi Utara,-6.206339,106.77822
B03689P,Sbr. Jln. Depsos Raya,-6.263684,106.76637
B03690P,Sbr. Jln. Duku Gg. Wisma,-6.112209,106.90977
B03691P,Sbr. Jln. Duku Lap Bola,-6.20321,106.75843
B03692P,Sbr. Jln. Duri Tol,-6.185032,106.76979
B03693P,Sbr. Jln. Durian I,-6.236342,106.75756
B03694P,Sbr. Jln. Ee Sukabumi Selatan,-6.213511,106.77886
B03695P,Sbr. Jln. Elang Laut Kamal,-6.124307,106.74907
B03697P,Sbr. Jln. Flamboyan Srengseng,-6.201447,106.75576
B03698P,Sbr. Jln. Gading Putih Raya,-6.175263,106.90064
B03700P,Sbr. Jln. Gaharu II Cilandak,-6.280132,106.79951
B03703P,Sbr. Jln. Gorontalo II,-6.113392,106.88274
B03704P,Sbr. Jln. Gorontalo III,-6.114097,106.88185
B03705P,Sbr. Jln. Hadiah Utama II,-6.16148,106.77981
B03707P,Sbr. Jln. H. Aseni Raya,-6.171967,106.70696
B03710P,Sbr. Jln. H. Hanafi Cipinang,-6.22869,106.8933
B03711P,Sbr. Jln. H. Jian 2B Cipete,-6.264625,106.8043
B03712P,Sbr. Jln. H. Jimin Petukangan,-6.233448,106.75161
B03715P,Sbr. Jln. H. Kincan Rawa Buaya,-6.164546,106.73543
B03716P,Sbr. Jln. H. Mali Duri Kosambi,-6.167944,106.72406
B03717P,Sbr. Jln. H. Matasan,-6.317581,106.82484
B03718P,Sbr. Jln. H. Mawar Sunter,-6.157892,106.8677
B03720P,Sbr. Jln. H. Muala Palmerah,-6.198462,106.78774
B03723P,Sbr. Jln. H. Sanusi Taming,-6.18466,106.77777
B03725P,Sbr. Jln. H. Sholeh I,-6.220239,106.77179
B03727P,Sbr. Jln. H. Sidan,-6.280408,106.88249
B03728P,Sbr. Jln. H. Tamin S,-6.160047,106.87716
B03729P,Sbr. Jln. H. Ung,-6.165145,106.85231
B03731P,Sbr. Jln. Industri I,-6.147626,106.83678
B03732P,Sbr. Jln. Industri Tj. Priok,-6.11859,106.86806
B03735P,Sbr. Jln. Jomas,-6.195735,106.75584
B03736P,Sbr. Jln. Kaja Raya Ciracas,-6.328181,106.88213
B03737P,Sbr. Jln. Kaliabang Dukuh,-6.183248,106.9852
B03739P,Sbr. Jln. Kampung Bali XXXIII,-6.187046,106.82189
B03741P,Sbr. Jln. Kampung Baru V,-6.225077,106.76062
B03744P,Sbr. Jln. Kapuk Bambu Apus,-6.306466,106.91388
B03745P,Sbr. Jln. Kapuk II,-6.215699,106.9002
B03747P,Sbr. Jln. Kb. Bawang XIII,-6.115811,106.8868
B03749P,Sbr. Jln. Kemang II,-6.256487,106.8149
B03751P,Sbr. Jln. Kemang Timur XI,-6.265417,106.8238
B03753P,Sbr. Jln. KH Hasim,-6.185551,106.73182
B03754P,Sbr. Jln. KH Syahdan,-6.200674,106.78256
B03755P,Sbr. Jln. Kopi Selatan II,-6.231718,106.94295
B03756P,Sbr. Jln. Kota Bambu Selatan VI,-6.185559,106.80503
B03757P,Sbr. Jln. Kramat Cipedak,-6.363399,106.80298
B03758P,Sbr. Jln. Kramat V,-6.299969,106.91033
B03759P,Sbr. Jln. Kulintang,-6.173259,106.91
B03760P,Sbr. Jln. Kuning Tua,-6.164771,106.91
B03761P,Sbr. Jln. Lagoa Kanal,-6.111783,106.8841
B03763P,Sbr. Jln. Lapangan Bola II,-6.201669,106.76027
B03765P,Sbr. Jln. Limo Grogol Selatan,-6.225216,106.77841
B03772P,Sbr. Jln. Makam,-6.238208,106.77737
B03773P,Sbr. Jln. Malaka HB,-6.142374,106.95639
B03774P,Sbr. Jln. Man 2,-6.300742,106.88071
B03775P,Sbr. Jln. Mandor Munding,-6.306836,106.91572
B03776P,Sbr. Jln. Mangga Dua Dalam,-6.140896,106.82525
B03777P,Sbr. Jln. Mangga Kalisari,-6.33214,106.85278
B03779P,Sbr. Jln. Mantang,-6.112096,106.90844
B03781P,Sbr. Jln. Manunggal II Ceger,-6.311137,106.88878
B03783P,Sbr. Jln. Marabahan Cideng,-6.172054,106.80528
B03786P,Sbr. Jln. Masjid Al Munir,-6.271471,106.87734
B03787P,Sbr. Jln. Melati PKP,-6.340019,106.87845
B03788P,Sbr. Jln. Melawai X,-6.246621,106.79852
B03789P,Sbr. Jln. Melur Tugu VI,-6.124483,106.90789
B03790P,Sbr. Jln. Merpati Putih Kembangan Utara,-6.173369,106.7335
B03791P,Sbr. Jln. Mesjid Attaqwa Kembangan Utara,-6.175138,106.73384
B03792P,Sbr. Jln. Mesjid I Benhil,-6.205164,106.80649
B03793P,Sbr. Jln. Metro Duta 1,-6.283181,106.7801
B03794P,Sbr. Jln. Mini I,-6.311348,106.90555
B03795P,Sbr. Jln. Mini II,-6.308966,106.90774
B03796P,Sbr. Jln. Mini III,-6.305938,106.91007
B03797P,Sbr. Jln. Muhidin KDW,-6.335121,106.87961
B03799P,Sbr. Jln. Mutiara Benhil,-6.209626,106.81226
B03800P,Sbr. Jln. Nagrak Marunda,-6.126834,106.95683
B03801P,Sbr. Jln. Nanas Lap Bola,-6.200877,106.76047
B03802P,Sbr. Jln. Nanggala Dewa Kembar,-6.107408,106.9253
B03803P,Sbr. Jln. Nusa Indah II,-6.2198,106.93143
B03804P,Sbr. Jln. Palem Anggur,-6.130258,106.70645
B03805P,Sbr. Jln. Palmerah Utara II,-6.202773,106.79815
B03806P,Sbr. Jln. Pam Baru,-6.204959,106.80949
B03810P,Sbr. Jln. Pangkalan Jati VI,-6.254277,106.90966
B03811P,Sbr. Jln. Parkit Bulak Ringin,-6.349819,106.87293
B03813P,Sbr. Jln. Pengadegan Utara,-6.246224,106.85863
B03814P,Sbr. Jln. Percetakan Susukan,-6.323469,106.86979
B03816P,Sbr. Jln. Permata Indah 8,-6.182668,106.98794
B03817P,Sbr. Jln. Pinang IIIb,-6.308184,106.79797
B03818P,Sbr. Jln. Pinang IV Pondok Labu,-6.307453,106.80072
B03819P,Sbr. Jln. Pondok Labu 1A,-6.301876,106.79244
B03820P,Sbr. Jln. Prepedan Dalam,-6.119537,106.70911
B03821P,Sbr. Jln. Primanota,-6.167907,106.9111
B03822P,Sbr. Jln. Pulo Gundul,-6.186269,106.85159
B03825P,Sbr. Jln. Ratu Melati 5,-6.168577,106.76978
B03826P,Sbr. Jln. Rawa Kepa IX,-6.174075,106.80321
B03827P,Sbr. Jln. Rorotan V Gg. 1,-6.136168,106.95481
B03829P,Sbr. Jln. Sahabat Kamal,-6.106324,106.70248
B03830P,Sbr. Jln. Salak Pesanggrahan,-6.251278,106.75643
B03831P,Sbr. Jln. Sambu Halim,-6.24695,106.89046
B03832P,Sbr. Jln. Sanggau Cideng,-6.170165,106.80401
B03834P,Sbr. Jln. Sawah Mede I,-6.098023,106.70824
B03835P,Sbr. Jln. Sawo I Pulo Gebang,-6.210869,106.9569
B03836P,Sbr. Jln. Sawo II Tomang,-6.181519,106.80743
B03837P,Sbr. Jln. Selat Potinti,-6.236086,106.91635
B03838P,Sbr. Jln. Selatan Lap Bola,-6.204231,106.75798
B03839P,Sbr. Jln. Semanan II,-6.163658,106.70524
B03840P,Sbr. Jln. Sentosa Lingkar Timur,-6.199185,106.9445
B03845P,Sbr. Jln. Siman Noar,-6.300101,106.88069
B03846P,Sbr. Jln. Sindang Terusan,-6.111512,106.89939
B03847P,Sbr. Jln. SMAN 63,-6.228267,106.74693
B03851P,Sbr. Jln. SMPN 147,-6.362268,106.888
B03852P,Sbr. Jln. SMPN 160,-6.311787,106.88941
B03853P,Sbr. Jln. Srengseng Dalam,-6.203087,106.75971
B03855P,Sbr. Jln. Sungai Musi Sembar,-6.130768,106.91963
B03856P,Sbr. Jln. Sunter Jaya V,-6.159028,106.86971
B03857P,Sbr. Jln. Sunter Jaya VI,-6.160574,106.87244
B03859P,Sbr. Jln. Swadaya II,-6.297206,106.89481
B03860P,Sbr. Jln. Swakarsa III,-6.244765,106.94258
B03861P,Sbr. Jln. Swasembada Barat V,-6.125172,106.88492
B03863P,Sbr. Jln. Swasembada Barat VIII,-6.123873,106.88497
B03864P,Sbr. Jln. Swasembada Barat XI,-6.122603,106.88493
B03865P,Sbr. Jln. Taman Enau,-6.232561,106.93361
B03866P,Sbr. Jln. Tanah Sereal XIII,-6.155226,106.80802
B03867P,Sbr. Jln. Tari Klasik,-6.169296,106.91083
B03868P,Sbr. Jln. Tebet Barat VI,-6.238694,106.84926
B03870P,Sbr. Jln. Tebet Utara III,-6.225521,106.85245
B03871P,Sbr. Jln. Tebet Utara IV,-6.227398,106.85274
B03872P,Sbr. Jln. Timbul III,-6.35031,106.80301
B03873P,Sbr. Jln. Tongkol Tj. Priok,-6.111513,106.88288
B03875P,Sbr. Jln. Warakas Gg 10,-6.125396,106.87834
B03876P,Sbr. Jln. Warakas I Gg. 2,-6.116037,106.87902
B03878P,Sbr. Jln. Warakas VI Gg. 17,-6.126061,106.87545
B03880P,Sbr. Jln. Ww Sukabumi Selatan,-6.213704,106.7768
B03881P,Sbr. Jln. Zakarian I Sulaiman,-6.206219,106.78035
B03882P,Sbr. Jembatan Item,-6.130197,106.85511
B03883P,Sbr. Jembatan Pintu Satu,-6.300665,106.88386
B03885P,Sbr. Jembatan Sukamulya III,-6.170489,106.85205
B03886P,Sbr. Jl H Emuntipala I,-6.277035,106.87761
B03889P,Sbr. Kalibata Square,-6.255574,106.85167
B03892P,Sbr. KBN Sukapura,-6.143455,106.92204
B03893P,Sbr. Kebantenan IX,-6.108601,106.93245
B03895P,Sbr. Kb. Jeruk Plaza,-6.190588,106.76027
B03896P,Sbr. Kec. Cilincing,-6.102759,106.93881
B03898P,Sbr. Kec. Ciracas,-6.320058,106.88301
B03899P,Sbr. Kec. Jagakarsa,-6.334583,106.8216
B03901P,Sbr. Kec. Kelapa Gading,-6.16233,106.90768
B03902P,Sbr. Kec. Koja,-6.118038,106.9102
B03904P,Sbr. Kec. Palmerah,-6.199216,106.78775
B03905P,Sbr. Kec. Pasar Minggu,-6.285526,106.83549
B03906P,Sbr. Kec. Pesanggrahan,-6.256927,106.75636
B03907P,Sbr. Kel. Balekambang,-6.281594,106.84994
B03910P,Sbr. Kel. Cibubur,-6.349555,106.87674
B03911P,Sbr. Kel. Cijantung,-6.325807,106.86172
B03912P,Sbr. Kel. Cilincing,-6.107109,106.93804
B03914P,Sbr. Kel. Dukuh,-6.29239,106.87703
B03916P,Sbr. Kel. Duri Kosambi,-6.170139,106.72259
B03917P,Sbr. Kel. Grogol Utara,-6.208439,106.78927
B03918P,Sbr. Kel. Jelambar,-6.161593,106.78153
B03921P,Sbr. Kel. Kamal Muara,-6.098646,106.71433
B03922P,Sbr. Kel. Kayu Putih,-6.185784,106.88856
B03923P,Sbr. Kel. Lebak Bulus,-6.303113,106.7847
B03925P,Sbr. Kel. Meruya Selatan,-6.214923,106.73657
B03927P,Sbr. Kel. Pondok Kelapa,-6.229293,106.94377
B03928P,Sbr. Kel. Pondok Labu,-6.30655,106.79871
B03929P,Sbr. Kel. Rawa Bunga,-6.221718,106.86948
B03930P,Sbr. Kel. Rorotan,-6.151699,106.95576
B03931P,Sbr. Kel. Semper Timur,-6.114022,106.92653
B03932P,Sbr. Kel. Serdang,-6.159149,106.85558
B03934P,Sbr. Kel. Sukapura,-6.147804,106.92437
B03938P,Sbr. Kel. Tanah Tinggi,-6.183851,106.8492
B03939P,Sbr. Kel. Tj. Priok,-6.113061,106.88155
B03940P,Sbr. Kel. Tebet Timur,-6.229283,106.85835
B03941P,Sbr. Kel. Tengah,-6.289682,106.86461
B03942P,Sbr. Kel. Ulujami,-6.245131,106.76287
B03943P,Sbr. Kemanggisan Utama I,-6.189605,106.78937
B03944P,Sbr. Kimia Farma Grogol Utara,-6.226678,106.77849
B03946P,Sbr. Klinik Annisa Ciracas,-6.32989,106.8742
B03947P,Sbr. Klinik Dahlia Palmerah,-6.195127,106.7877
B03949P,Sbr. Klinik Firdausy,-6.217191,106.85526
B03950P,Sbr. Klinik Kasih Medika,-6.187073,106.90081
B03952P,Sbr. Klinik Sapta Mitra,-6.230764,106.93456
B03953P,Sbr. Klinik Win Medika,-6.22016,106.89843
B03954P,Sbr. Klinik Yadika Petukangan,-6.248516,106.75488
B03955P,Sbr. Kodam Bintaro,-6.259531,106.75878
B03956P,Sbr. Koko Semesta,-6.115511,106.92671
B03957P,Sbr. Komarudin Timur Lingkar Timur,-6.196082,106.94392
B03959P,Sbr. Komplek Beacukai Pondok Bambu,-6.23585,106.89745
B03960P,Sbr. Komplek Bina Marga I,-6.233147,106.93473
B03961P,Sbr. Komplek Bukit Indah Ragunan,-6.310874,106.81073
B03962P,Sbr. Komplek Ddn 1,-6.303398,106.79896
B03963P,Sbr. Komplek Ddn Bintara Jaya,-6.242397,106.94263
B03966P,Sbr. Komplek Dittopad,-6.17615,106.86302
B03967P,Sbr. Komplek DKI Joglo,-6.22313,106.73737
B03968P,Sbr. Komplek Dolog Jaya,-6.248114,106.91592
B03969P,Sbr. Komplek DPR III,-6.215021,106.73294
B03972P,Sbr. Komplek Kemhan Cidodol,-6.227906,106.77846
B03974P,Sbr. Komplek Kodam Jaya,-6.197871,106.77108
B03976P,Sbr. Komplek Lapan Pekayon,-6.341359,106.85977
B03977P,Sbr. Komplek Pacul Mas,-6.221005,106.89961
B03978P,Sbr. Komplek Pertambangan Kelapa Dua,-6.216617,106.77072
B03979P,Sbr. Komplek Polri Foremos,-6.334679,106.86775
B03980P,Sbr. Komplek Pusbinal,-6.245186,106.90276
B03981P,Sbr. Komplek RSPP,-6.296036,106.79926
B03982P,Sbr. Komplek Sltp 200,-6.15911,106.95813
B03983P,Sbr. Koramil 03 Aselih,-6.350932,106.79595
B03985P,Sbr. Koramil Pondok Gede,-6.282825,106.91394
B03987P,Sbr. KPP Pratama Koja,-6.130153,106.89912
B03988P,Sbr. KPP Pratama Tanah Abang Satu,-6.202037,106.80707
B03990P,Sbr. KUA Palmerah,-6.194267,106.79198
B03992P,Sbr. Kuningan Place,-6.213158,106.83499
B03994P,Sbr. Lapangan Arcici,-6.182813,106.86922
B03995P,Sbr. Lapangan Blok O Pengadegan,-6.248518,106.85791
B03996P,Sbr. Lapangan Kaprina,-6.34739,106.88437
B04000P,Sbr. LP Cipinang,-6.214403,106.88451
B04001P,Sbr. Madrasah Al Husna,-6.300031,106.775563
B04002P,Sbr. Madrasah Aliyah Citra Cendekia,-6.357553,106.80076
B04003P,Sbr. Madrasah Hasanatuddarain,-6.221049,106.90458
B04004P,Sbr. Mahaka Square,-6.150389,106.90233
B04005P,Sbr. Makam Pangeran Jayakarta,-6.202545,106.90171
B04007P,Sbr. Malaka 1 Gg. 2 Rorotan,-6.138348,106.95458
B04008P,Sbr. Malaka 1 Gg. 3 Rorotan,-6.139152,106.95456
B04009P,Sbr. Malaka 1 Gg. 5 Rorotan,-6.13688,106.95482
B04010P,Sbr. Malaka Country Estate,-6.223712,106.94235
B04011P,Sbr. Mall Artha Gading,-6.144324,106.89301
B04012P,Sbr. Mall Artha Gading 2,-6.143827,106.89206
B04013P,Sbr. Man 15 Jakarta,-6.342372,106.88639
B04014P,Sbr. Man 18 Jakarta,-6.232594,106.94286
B04016P,Sbr. Manhattan Hotel,-6.225591,106.83013
B04020P,Sbr. Masjid Al Falah Pinang,-6.274229,106.77506
B04021P,Sbr. Masjid Al Fida Komodor Halim,-6.262977,106.88503
B04022P,Sbr. Masjid Al Hawi Cililitan,-6.263383,106.86437
B04023P,Sbr. Masjid Al Hidayah Kebantenan,-6.112708,106.92728
B04025P,Sbr. Masjid Al Istiqomah Tomang,-6.171221,106.79878
B04027P,Sbr. Masjid Al Jihad Ulujami,-6.254818,106.76353
B04028P,Sbr. Masjid Al Karomah Cipete,-6.273486,106.80066
B04029P,Sbr. Masjid Al Madinah,-6.205019,106.77929
B04030P,Sbr. Masjid Al Mukarromah Lagoa,-6.112884,106.91091
B04031P,Sbr. Masjid Al Mumin,-6.175579,106.90848
B04032P,Sbr. Masjid Al Murtamiyyah Marunda,-6.107181,106.961388
B04033P,Sbr. Masjid Al Waqof,-6.11059,106.91725
B04034P,Sbr. Masjid Alfalah Annaniyah,-6.113941,106.70719
B04035P,Sbr. Masjid Alhikmah Duren Sawit,-6.240048,106.912601
B04036P,Sbr. Masjid Almukmin Kemanggisan,-6.188208,106.79356
B04037P,Sbr. Masjid Annur 20 Desember,-6.133682,106.70941
B04038P,Sbr. Masjid Annur Pengadegan,-6.24951,106.84974
B04039P,Sbr. Masjid Annur Tanah Abang,-6.189941,106.80648
B04040P,Sbr. Masjid Ar Rohmah,-6.118964,106.89568
B04041P,Sbr. Masjid Arrahim Rawa Kompeni,-6.104841,106.69008
B04043P,Sbr. Masjid Assaadah Malaka Jaya,-6.225898,106.93885
B04045P,Sbr. Masjid At Taqwa Rawa Kuning,-6.20319,106.96027
B04046P,Sbr. Masjid At Tin,-6.298697,106.88317
B04047P,Sbr. Masjid Baitul Hilmi Tomang,-6.173734,106.79508
B04049P,Sbr. Masjid Darussalam Cipedak,-6.346174,106.8104
B04050P,Sbr. Masjid El Syifa Ciganjur,-6.332948,106.80755
B04051P,Sbr. Masjid H. Andi Muhammad Ghalib,-6.312385,106.89055
B04053P,Sbr. Masjid Jami Al Amin Gading,-6.178538,106.90397
B04054P,Sbr. Masjid Jami Al Badariah Kemayoran,-6.1533,106.85895
B04055P,Sbr. Masjid Jami Al Hidayah Tomang,-6.171452,106.79612
B04056P,Sbr. Masjid Jami Al Ittihadiyah,-6.165049,106.73533
B04057P,Sbr. Masjid Jami Al Muttaqin Balekambang,-6.283996,106.85052
B04058P,Sbr. Masjid Jami Al Qoiriyah,-6.136697,106.9679
B04059P,Sbr. Masjid Jami Al Wiqoyah,-6.326893,106.82355
B04060P,Sbr. Masjid Jami Ar Roghibin,-6.156697,106.95965
B04061P,Sbr. Masjid Jami Asy Syakirin,-6.351065,106.80161
B04062P,Sbr. Masjid Jami Baitul Muslim Susukan,-6.328115,106.86902
B04063P,Sbr. Masjid Jami Baiturrahman Tomang,-6.172505,106.80357
B04064P,Sbr. Masjid Jami Daarul Muttaqien,-6.165008,106.70515
B04068P,Sbr. Masjid Jami Hasbi,-6.273084,106.88039
B04069P,Sbr. Masjid Jami Saadatul Muslimin,-6.265843,106.88072
B04070P,Sbr. Masjid Jami Unwanussaadah,-6.120217,106.92866
B04071P,Sbr. Masjid Nurul Falah Grogol,-6.170757,106.78477
B04072P,Sbr. Masjid Nurul Hidayah KDW,-6.338057,106.87976
B04075P,Sbr. Masjid Nurul Iman Kubur Batu,-6.197464,106.74467
B04077P,Sbr. Masjid Nurul Jannah Marunda,-6.119226,106.95707
B04078P,Sbr. Masjid Pasmar Marunda,-6.115928,106.95189
B04080P,Sbr. Masjid Safinatul Husna,-6.13859,106.71616
B04082P,Sbr. Menara Air Manggarai Selatan,-6.219137,106.85195
B04083P,Sbr. Menara Kelapa Gading,-6.168817,106.91552
B04086P,Sbr. Mesindo Tekninesia,-6.153361,106.95544
B04087P,Sbr. Mess Perwira Cendrawasih,-6.252205,106.88416
B04088P,Sbr. Mess Polwan Esthi Bhakti Warapsari,-6.206604,106.81005
B04089P,Sbr. Mgk Kemayoran,-6.153128,106.84671
B04090P,Sbr. MI Al Ihsan Batu Ampar,-6.272435,106.86497
B04091P,Sbr. MI Arruhaniyah Rorotan,-6.135394,106.96739
B04092P,Sbr. MI Attarbiyatuddiniyah,-6.358301,106.87415
B04093P,Sbr. Midi Utama Green Ville,-6.173087,106.77736
B04094P,Sbr. Midi Utama Kalisari,-6.339658,106.86353
B04095P,Sbr. MIN 8 Srengseng Sawah,-6.335959,106.82586
B04096P,Sbr. Minagapura,-6.214946,106.73429
B04097P,Sbr. Minimarket Pondok Kelapa,-6.228599,106.93531
B04098P,Sbr. Minimarket Pondok Kopi,-6.218475,106.93962
B04099P,Sbr. Minimarket Sunter Jaya 2,-6.154605,106.86171
B04100P,Sbr. Minimarket Warakas 3,-6.1193,106.87721
B04101P,Sbr. MNC Center,-6.182744,106.83084
B04104P,Sbr. MTsN 19,-6.304958,106.80155
B04105P,Sbr. MTsN 20 Jakarta,-6.2052,106.95985
B04106P,Sbr. MTsN 25 Jakarta,-6.214833,106.89575
B04107P,Sbr. MTsN 38,-6.158574,106.95734
B04108P,Sbr. MTsN 7 Model Jakarta,-6.321445,106.88334
B04109P,Sbr. Multivision Tower,-6.212375,106.83303
B04110P,Sbr. Mushola Al Achyar Cipete,-6.262475,106.80417
B04111P,Sbr. Mushola Al Hidayah Batu Ampar,-6.274609,106.86054
B04112P,Sbr. Mushola Al Hidayah Bukit Duri,-6.222635,106.85527
B04113P,Sbr. Mushola Al Mubarok,-6.238954,106.7525
B04114P,Sbr. Mushola Al Muhajirin Cibubur,-6.360664,106.87505
B04115P,Sbr. Mushola As Salam Batu Ampar,-6.271206,106.86034
B04117P,Sbr. Mutiara Taman Palem 1,-6.136725,106.73137
B04119P,Sbr. Nabawi Islamic Shool,-6.205377,106.89027
B04120P,Sbr. Pabrik Plastik Sawah Mede,-6.096495,106.71062
B04121P,Sbr. Pam Jaya DKI,-6.203461,106.80803
B04124P,Sbr. Panti Asuhan Desa Putra,-6.3391,106.82848
B04125P,Sbr. Panti Asuhan Putera Mulia,-6.188919,106.88855
B04126P,Sbr. Panti Sosial Bina Laras,-6.319153,106.89018
B04128P,Sbr. Ps. Anyer Bahari,-6.114155,106.87947
B04129P,Sbr. Ps. Benda,-6.228018,106.91561
B04130P,Sbr. Ps. Bintang Mas,-6.207673,106.79033
B04131P,Sbr. Ps. BKT Rorotan IX,-6.15444,106.96992
B04134P,Sbr. Ps. Bulak,-6.214906,106.90402
B04135P,Sbr. Ps. Bulog,-6.189358,106.87839
B04136P,Sbr. Ps. Cengkareng,-6.151851,106.72708
B04137P,Sbr. Ps. Cibubur,-6.345726,106.87231
B04138P,Sbr. Ps. Cipinang Kebembem,-6.211874,106.88678
B04139P,Sbr. Ps. Deprok,-6.218408,106.89398
B04140P,Sbr. Ps. Deprok 1,-6.217656,106.89506
B04142P,Sbr. Ps. Gardu,-6.289881,106.89302
B04143P,Sbr. Ps. Gembrong Baru,-6.179851,106.8608
B04146P,Sbr. Ps. Inpres Cipinang Besar,-6.226687,106.88059
B04147P,Sbr. Ps. Jelambar Polri,-6.160684,106.77849
B04149P,Sbr. Ps. Johar Baru,-6.184282,106.85584
B04150P,Sbr. Ps. Jongkok,-6.108859,106.93453
B04152P,Sbr. Ps. Kamal,-6.104541,106.70712
B04153P,Sbr. Ps. Kb. Pisang,-6.152426,106.7807
B04154P,Sbr. Ps. Kembang,-6.206049,106.78317
B04155P,Sbr. Ps. Kencar,-6.185544,106.80374
B04157P,Sbr. Ps. Klender,-6.212317,106.9009
B04159P,Sbr. Ps. Lontar,-6.119366,106.91014
B04161P,Sbr. Ps. Mandiri Kelapa Gading,-6.160953,106.90872
B04163P,Sbr. Ps. Mitra,-6.145413,106.80705
B04164P,Sbr. Ps. Pagi Raya Cilincing,-6.102788,106.93599
B04165P,Sbr. Ps. Palad,-6.186795,106.90322
B04166P,Sbr. Ps. Palmerah,-6.20749,106.79606
B04167P,Sbr. Ps. Pengampuan,-6.199282,106.76093
B04168P,Sbr. Ps. Pisang,-6.207759,106.79233
B04169P,Sbr. Ps. Puri,-6.184274,106.75375
B04170P,Sbr. Ps. Rawa Bening,-6.216795,106.87037
B04174P,Sbr. Ps. Timbul,-6.17296,106.7954
B04175P,Sbr. Ps. Ujung Menteng,-6.189773,106.96653
B04176P,Sbr. Ps. Ular Plumpang,-6.13029,106.89447
B04177P,Sbr. Ps. Warakas,-6.115584,106.8797
B04179P,Sbr. PAUD Bintang Pondok Bambu,-6.245306,106.9058
B04180P,Sbr. PAUD Tunas Bahari,-6.236813,106.915
B04181P,Sbr. Pemadam Ciracas,-6.328416,106.87919
B04182P,Sbr. Pemadam Grogol Utara,-6.213731,106.77765
B04187P,Sbr. Pengadegan Selatan II,-6.251274,106.8558
B04188P,Sbr. Persada Purnawira Halim,-6.259198,106.88547
B04189P,Sbr. Perum Gading Kirana,-6.145982,106.90123
B04190P,Sbr. Perum Kedoya Garden,-6.180401,106.74982
B04191P,Sbr. Perum Mutiara Indah Rorotan,-6.15611,106.96214
B04194P,Sbr. Perum Sunter Hijau,-6.156674,106.87902
B04195P,Sbr. Perum Taman Malaka,-6.231282,106.92863
B04196P,Sbr. Perumahan BDN Cilandak,-6.284324,106.79942
B04197P,Sbr. Perumahan Mawar Joglo,-6.215335,106.7254
B04199P,Sbr. Perumahan Walikota Jakbar,-6.214257,106.72511
B04201P,Sbr. Pesona Square,-6.379679,106.84426
B04202P,Sbr. PGP,-6.203448,106.93456
B04203P,Sbr. Pintu 2 TMII Bawah,-6.296173,106.8905
B04204P,Sbr. Pintu III Taman Mini,-6.305526,106.88903
B04205P,Sbr. Pintu Ragunan Barat,-6.31055,106.816
B04206P,Sbr. Pintu Timur Ragunan,-6.31252,106.82568
B04208P,Sbr. PKP Jakarta Islamic School,-6.339432,106.88349
B04209P,Sbr. Plaza Kemang 88,-6.270024,106.81553
B04211P,Sbr. PLN Kramat Jati,-6.283302,106.8716
B04215P,Sbr. Polsek Ciracas,-6.290414,106.87138
B04216P,Sbr. Polsek Duren Sawit,-6.248012,106.917
B04217P,Sbr. Polsek Jagakarsa,-6.350808,106.80775
B04218P,Sbr. Polsek Makasar,-6.29086,106.8844
B04219P,Sbr. Polsek Pasar Rebo,-6.336816,106.86826
B04220P,Sbr. Polsek Pulo Gadung,-6.209444,106.89101
B04221P,Sbr. Polsek Tj. Priok,-6.115168,106.88061
B04225P,Sbr. Pondok Kelapa Indah,-6.247668,106.92134
B04226P,Sbr. Pondok Kelapa Indah 2,-6.247643,106.92236
B04227P,Sbr. Ponpes Alhikmah Rorotan,-6.131475,106.95542
B04228P,Sbr. Ponpes Darunnajah,-6.246854,106.76288
B04230P,Sbr. Popki Cibubur,-6.367222,106.88908
B04231P,Sbr. Port Medical Center,-6.109966,106.88934
B04234P,Sbr. Pos Ayam,-6.120909,106.92693
B04235P,Sbr. Pos RW 10 Jingga Raya,-6.163652,106.90893
B04238P,Sbr. Pospol PIK Penggilingan,-6.203474,106.93242
B04239P,Sbr. PPKD Jaktim,-6.247603,106.94229
B04240P,Sbr. Premier Terrace,-6.329219,106.87629
B04241P,Sbr. Pulau Sangiyang Lingkar Timur,-6.193497,106.9437
B04242P,Sbr. Pulau Sangiyang Lingkar Timur 2,-6.193302,106.94369
B04243P,Sbr. Puri Ardhya Garini,-6.256831,106.88392
B04245P,Sbr. Puri Margasatwa,-6.311422,106.80873
B04246P,Sbr. Puri Swadaya,-6.237118,106.9196
B04247P,Sbr. Pusat Promosi Industri Kayu Mebel,-6.202664,106.90336
B04249P,Sbr. Puskesmas Halim 1,-6.288242,106.89231
B04250P,Sbr. Puskesmas Jelambar II,-6.160915,106.78719
B04251P,Sbr. Puskesmas Kel. Dukuh,-6.302682,106.88015
B04252P,Sbr. Puskesmas Kel. Papanggo,-6.129782,106.87238
B04253P,Sbr. Puskesmas Kel. Semper Barat II,-6.136274,106.92173
B04254P,Sbr. Puskesmas Kel. Warakas,-6.12074,106.87534
B04255P,Sbr. Puskesmas Malaka Sari,-6.230547,106.92954
B04256P,Sbr. Puskesmas Meruya Utara,-6.199776,106.74153
B04257P,Sbr. Puskesmas Pasar Minggu,-6.320987,106.82535
B04258P,Sbr. Puskesmas Pasar Rebo,-6.33914,106.86168
B04259P,Sbr. Puskesmas Pegangsaan Dua,-6.181057,106.9142
B04261P,Sbr. Puskesmas Rorotan,-6.15737,106.95696
B04263P,Sbr. Puskesmas Setiabudi,-6.206882,106.83363
B04264P,Sbr. Puskesmas Tambora,-6.14751,106.80728
B04265P,Sbr. Raffles Christian School,-6.279423,106.77872
B04266P,Sbr. Ramayana KDW,-6.351769,106.88424
B04267P,Sbr. Ramayana Semper,-6.127078,106.9171
B04268P,Sbr. Rorotan IX Gg. IV,-6.160238,106.95943
B04270P,Sbr. RPHU Rorotan,-6.134433,106.95507
B04272P,Sbr. RPTRA Radar Pembangunan,-6.120126,106.89638
B04273P,Sbr. RPTRA Udara Segar 126,-6.282577,106.86394
B04275P,Sbr. RS Aulia,-6.334599,106.82757
B04276P,Sbr. RS Bhakti Mulia,-6.199976,106.801
B04277P,Sbr. RS Ciputra,-6.123741,106.70514
B04278P,Sbr. RS Dr Mintohardjo,-6.211163,106.81237
B04279P,Sbr. RS Dr Suyoto,-6.267609,106.7659
B04280P,Sbr. RS Gading Pluit,-6.166641,106.91542
B04282P,Sbr. RS Haji Jakarta,-6.290475,106.88914
B04283P,Sbr. RS Hermina Podomoro,-6.145177,106.86148
B04284P,Sbr. RS Islam Pondok Kopi,-6.220193,106.93904
B04285P,Sbr. RS Islam Sukapura,-6.140258,106.92215
B04286P,Sbr. RS Marinir Cilandak,-6.305692,106.81404
B04287P,Sbr. RS Mediros,-6.179204,106.90379
B04288P,Sbr. RS Mitra Kelapa Gading,-6.152509,106.89752
B04290P,Sbr. RS Moh Ridwan Meuraksa,-6.294767,106.88167
B04292P,Sbr. RS Pelabuhan Jakarta,-6.125076,106.91678
B04293P,Sbr. RS Pelni Petamburan,-6.192916,106.80556
B04295P,Sbr. RS Siloam Kb. Jeruk,-6.190301,106.763
B04296P,Sbr. RS Sukmul Sisma Medika,-6.112369,106.88238
B04297P,Sbr. RS Zahirah,-6.335205,106.82312
B04299P,Sbr. RSIA Asta Nugraha,-6.221838,106.91491
B04300P,Sbr. RSUD Jagakarsa,-6.316361,106.81173
B04301P,Sbr. RSUD Tanah Abang,-6.191139,106.81506
B04302P,Sbr. Rsup Persahabatan,-6.204183,106.88599
B04303P,Sbr. Rukan Balai Pustaka,-6.198728,106.88593
B04304P,Sbr. Rukan Radin Inten II,-6.235496,106.92272
B04306P,Sbr. Ruko Cempaka Mas,-6.161876,106.87476
B04310P,Sbr. Ruko Green Lake City,-6.177542,106.71191
B04311P,Sbr. Ruko Moh Kahfi II,-6.335886,106.82713
B04313P,Sbr. Ruko Taman Cemara,-6.180871,106.97758
B04314P,Sbr. Rumkitban Bintaro,-6.258342,106.75628
B04315P,Sbr. Rusun Rorotan,-6.151877,106.9552
B04316P,Sbr. Sabar I Petukangan,-6.240136,106.75254
B04317P,Sbr. Sakura Garden City,-6.322659,106.88857
B04318P,Sbr. Sangrila Indah,-6.237318,106.75925
B04319P,Sbr. SD Islam Al Izzah,-6.182733,106.97719
B04320P,Sbr. SD Kartika X-2,-6.25399,106.75647
B04321P,Sbr. SD Kartika X-4,-6.259265,106.75617
B04322P,Sbr. SD Pelita Jati Padang,-6.287103,106.82924
B04323P,Sbr. SDIT Assalaamah,-6.192351,106.96612
B04324P,Sbr. SDN Batu Ampar 05,-6.284554,106.86413
B04325P,Sbr. SDN Batu Ampar 07,-6.284669,106.86303
B04326P,Sbr. SDN Bendungan Hilir 01,-6.207379,106.80896
B04327P,Sbr. SDN Cakung Timur 05,-6.165855,106.9624
B04330P,Sbr. SDN Cipedak 03,-6.349013,106.80931
B04332P,Sbr. SDN Cipete Selatan 01,-6.272215,106.8015
B04333P,Sbr. SDN Dukuh 01,-6.287962,106.87417
B04336P,Sbr. SDN Duren Sawit 01,-6.226237,106.91338
B04337P,Sbr. SDN Duri Kepa 01,-6.186108,106.77589
B04339P,Sbr. SDN Grogol Selatan 01,-6.229029,106.77871
B04340P,Sbr. SDN Grogol Utara 03,-6.21504,106.77758
B04341P,Sbr. SDN Jagakarsa 01,-6.328227,106.82021
B04342P,Sbr. SDN Jagakarsa 05,-6.337,106.81848
B04343P,Sbr. SDN Joglo 03,-6.221973,106.73169
B04344P,Sbr. SDN Johar Baru 10,-6.181178,106.86028
B04345P,Sbr. SDN Kalisari 01,-6.336199,106.85448
B04346P,Sbr. SDN Kalisari 05,-6.336733,106.8551
B04347P,Sbr. SDN Kap Pulo,-6.178155,106.71357
B04349P,Sbr. SDN Kb. Baru 09,-6.116121,106.92195
B04350P,Sbr. SDN Kb. Jeruk 08,-6.198507,106.76694
B04352P,Sbr. SDN Kelapa Dua Wetan 04,-6.34726,106.88333
B04353P,Sbr. SDN Kembangan Selatan 03,-6.177936,106.74776
B04355P,Sbr. SDN Lebak Bulus 01,-6.30353,106.7836
B04357P,Sbr. SDN Meruya Utara 02,-6.198705,106.74151
B04358P,Sbr. SDN Palmerah 07,-6.205628,106.79661
B04359P,Sbr. SDN Palmerah 09,-6.207764,106.78798
B04360P,Sbr. SDN Pegangsaan Dua 07,-6.175269,106.91112
B04361P,Sbr. SDN Pekayon 10,-6.340932,106.86095
B04362P,Sbr. SDN Pisangan Timur 10,-6.204256,106.88253
B04363P,Sbr. SDN Pondok Kelapa 05,-6.240433,106.94276
B04364P,Sbr. SDN Pulo Gebang 13,-6.197029,106.96269
B04365P,Sbr. SDN Pulo Gebang 20,-6.208103,106.95923
B04366P,Sbr. SDN Ragunan 14,-6.298247,106.82639
B04368P,Sbr. SDN Rorotan 03,-6.144294,106.95622
B04369P,Sbr. SDN Rorotan 07,-6.146513,106.95644
B04370P,Sbr. SDN Semanan 01,-6.159879,106.70493
B04371P,Sbr. SDN Srengseng Sawah 01,-6.332916,106.83378
B04373P,Sbr. SDN Sukabumi Utara 04,-6.206558,106.77249
B04376P,Sbr. Sekolah Al Wahyu Cibubur,-6.365818,106.88734
B04377P,Sbr. Sekolah Anglo Rawasari,-6.186448,106.87326
B04378P,Sbr. Sekolah At Taqwa Karang Tengah,-6.150003,106.97192
B04379P,Sbr. Sekolah Avicenna Jagakarsa,-6.336338,106.82992
B04380P,Sbr. Sekolah Bethel,-6.196189,106.80484
B04381P,Sbr. Sekolah Bhineka Tunggal Ika,-6.15058,106.80752
B04382P,Sbr. Sekolah Charitas Pondok Labu,-6.304955,106.79879
B04383P,Sbr. Sekolah Corpatarin,-6.227355,106.94388
B04385P,Sbr. Sekolah Fajar Sion,-6.138169,106.81723
B04386P,Sbr. Sekolah Islam Al Azhar Jagakarsa,-6.330035,106.82621
B04387P,Sbr. Sekolah Islam Gugusan Bintang,-6.333101,106.88173
B04388P,Sbr. Sekolah Islam PB Soedirman,-6.314439,106.86316
B04390P,Sbr. Sekolah Keperawatan YPDR,-6.311342,106.78859
B04391P,Sbr. Sekolah Lamuel,-6.198765,106.80317
B04393P,Sbr. Sekolah Mutiara Warakas,-6.116848,106.88045
B04397P,Sbr. Sekolah Segar Amanah Klender,-6.223898,106.90863
B04398P,Sbr. Sekolah Sinar Dharma,-6.148846,106.80744
B04399P,Sbr. Sekolah Tj. Priok,-6.114718,106.91093
B04400P,Sbr. Sekolah Tarsisius 2,-6.199625,106.78244
B04401P,Sbr. Sekolah Yanindo Jakarta,-6.119485,106.86672
B04403P,Sbr. Sekretariat 06 Wijaya Kusuma,-6.155595,106.77781
B04404P,Sbr. Seksi Dinas Pendidikan Makasar,-6.275565,106.87668
B04405P,Sbr. Semar,-6.310513,106.8045
B04406P,Sbr. Sentra Timur,-6.205428,106.94771
B04408P,Sbr. Simpang Hadiah,-6.161643,106.78415
B04410P,Sbr. Sisma Medikal,-6.113231,106.91761
B04411P,Sbr. SIT I-II PIK,-6.124122,106.74544
B04412P,Sbr. SIT III PIK,-6.123717,106.74276
B04413P,Sbr. Slb Angkasa,-6.255191,106.89134
B04414P,Sbr. Slipi Jaya,-6.18974,106.79659
B04415P,Sbr. SMA Advent XV Ciracas,-6.3444,106.88365
B04416P,Sbr. SMA Angkasa 1,-6.249778,106.8827
B04417P,Sbr. SMA Islam As Syafiiyah 01,-6.220785,106.85332
B04418P,Sbr. SMAN 10,-6.14688,106.82645
B04419P,Sbr. SMAN 108,-6.253964,106.76384
B04420P,Sbr. SMAN 115,-6.1502,106.95594
B04421P,Sbr. SMAN 19,-6.141574,106.80894
B04422P,Sbr. SMAN 21,-6.184462,106.88737
B04423P,Sbr. SMAN 38,-6.335833,106.83481
B04424P,Sbr. SMAN 42,-6.255924,106.89172
B04425P,Sbr. SMAN 49,-6.324613,106.81985
B04426P,Sbr. SMAN 5,-6.159405,106.86722
B04428P,Sbr. SMAN 51,-6.276735,106.86069
B04429P,Sbr. SMAN 66,-6.306177,106.80368
B04430P,Sbr. SMAN 67,-6.27548,106.88618
B04431P,Sbr. SMAN 75,-6.13518,106.9216
B04432P,Sbr. SMAN 78,-6.192081,106.78223
B04433P,Sbr. SMAN 8,-6.218237,106.85982
B04435P,Sbr. SMAN 85,-6.215296,106.75997
B04436P,Sbr. SMAN 94,-6.167405,106.70503
B04437P,Sbr. SMAN 95,-6.126402,106.70406
B04438P,Sbr. SMK 57,-6.291191,106.82342
B04439P,Sbr. SMK Al Hidayah 1,-6.308208,106.81387
B04440P,Sbr. SMK Angkasa 2,-6.252021,106.88972
B04441P,Sbr. SMK Averus Pondok Pinang,-6.274743,106.77353
B04443P,Sbr. SMK Kartika X-2,-6.252352,106.75638
B04444P,Sbr. SMK Kemala Bhayangkari I,-6.210192,106.89382
B04445P,Sbr. SMK Malahayati Marunda,-6.124292,106.95707
B04447P,Sbr. SMK Satria Srengseng,-6.208822,106.75881
B04449P,Sbr. SMKN 12,-6.115799,106.88564
B04450P,Sbr. SMKN 22,-6.294235,106.85558
B04451P,Sbr. SMKN 26,-6.19404,106.88602
B04453P,Sbr. SMKN 4,-6.14141,106.95573
B04454P,Sbr. SMKN 49,-6.129632,106.95568
B04456P,Sbr. SMKN 60,-6.186045,106.7721
B04457P,Sbr. SMKN 63,-6.35165,106.79853
B04459P,Sbr. SMP El Syifa Ciganjur,-6.334529,106.80675
B04460P,Sbr. SMP Nurul Falah,-6.110663,106.92596
B04462P,Sbr. SMPN 10,-6.163653,106.86516
B04464P,Sbr. SMPN 128,-6.279045,106.88927
B04465P,Sbr. SMPN 131,-6.362219,106.80175
B04466P,Sbr. SMPN 134,-6.198687,106.7387
B04469P,Sbr. SMPN 148,-6.218411,106.89498
B04471P,Sbr. SMPN 166,-6.323289,106.81928
B04472P,Sbr. SMPN 170,-6.178243,106.91321
B04473P,Sbr. SMPN 179,-6.331236,106.85269
B04474P,Sbr. SMPN 184,-6.340989,106.86352
B04475P,Sbr. SMPN 190,-6.108313,106.70297
B04476P,Sbr. SMPN 195,-6.230919,106.90988
B04478P,Sbr. SMPN 200,-6.15813,106.955908
B04479P,Sbr. SMPN 205,-6.170212,106.70691
B04481P,Sbr. SD Angkasa 1,-6.25276,106.890077
B04484P,Sbr. SMPN 228,-6.161066,106.86641
B04485P,Sbr. SMPN 229,-6.197581,106.77277
B04486P,Sbr. SMPN 232,-6.202926,106.88278
B04487P,Sbr. SMPN 235,-6.254607,106.75642
B04488P,Sbr. SMPN 245,-6.225803,106.73979
B04489P,Sbr. SMPN 252,-6.239289,106.94229
B04490P,Sbr. SMPN 258,-6.35701,106.8745
B04491P,Sbr. SMPN 263,-6.29464,106.87828
B04492P,Sbr. SMPN 27,-6.225368,106.9147
B04493P,Sbr. SMPN 286,-6.17244,106.80145
B04494P,Sbr. SMPN 36,-6.226772,106.87202
B04495P,Sbr. SMPN 44,-6.207672,106.88173
B04496P,Sbr. SMPN 48,-6.233648,106.78036
B04497P,Sbr. SMPN 75,-6.198665,106.76593
B04498P,Sbr. SMPN 84,-6.115934,106.91123
B04499P,Sbr. SMPN 88,-6.192751,106.79541
B04501P,Sbr. SPBU M Kahfi 1,-6.350204,106.80167
B04502P,Sbr. SPBU Meruya Ilir,-6.197275,106.75357
B04503P,Sbr. SPBU Puri Kembangan,-6.179303,106.74873
B04504P,Sbr. SPBU Warung Jati,-6.286956,106.82555
B04505P,Sbr. Standard Chartered,-6.217407,106.81934
B04510P,Sbr. St. Taman Kota,-6.158617,106.75717
B04512P,Sbr. STIE IBEK,-6.173252,106.79776
B04513P,Sbr. STIE Rawamangun,-6.189758,106.88385
B04514P,Sbr. STIKES Bhakti Pertiwi Jagakarsa,-6.330353,106.82728
B04517P,Sbr. Sunter Icon,-6.134808,106.85595
B04518P,Sbr. Swadaya Raya,-6.228578,106.91633
B04519P,Sbr. Taman Asem PPSU,-6.117057,106.86973
B04520P,Sbr. Taman Bayu,-6.224526,106.91067
B04521P,Sbr. Taman BMW,-6.12629,106.85763
B04522P,Sbr. Taman Buni,-6.331421,106.80803
B04523P,Sbr. Taman Enim,-6.11103,106.88419
B04524P,Sbr. Taman Gorontalo,-6.112994,106.88324
B04525P,Sbr. Taman Kayu Jati V,-6.190375,106.88677
B04526P,Sbr. Taman Kebersihan Pegadungan,-6.14068,106.71708
B04527P,Sbr. Taman Kompleks IIAPCO,-6.271465,106.82253
B04528P,Sbr. Taman Mahoni,-6.340551,106.87445
B04529P,Sbr. Taman Malaka Barat 1D,-6.231198,106.92717
B04530P,Sbr. Taman Mandiri Kelapa Gading,-6.142758,106.90991
B04531P,Sbr. Taman Maramba,-6.176363,106.90712
B04533P,Sbr. Taman Pangkalan Jati,-6.245966,106.90497
B04534P,Sbr. Taman Permata Indah 1,-6.144081,106.78154
B04535P,Sbr. Taman Semanan Indah,-6.163948,106.72551
B04536P,Sbr. Taman Spatodhea,-6.32294,106.82445
B04538P,Sbr. Taman Wiladatika,-6.369769,106.89298
B04539P,Sbr. Tambun Rengas Rorotan,-6.157934,106.95537
B04540P,Sbr. Tambun Utara,-6.163269,106.96186
B04542P,Sbr. TDP,-6.245574,106.90948
B04544P,Sbr. Term. Kampung Rambutan,-6.306068,106.88003
B04545P,Sbr. The Food Hall Kb. Jeruk,-6.190835,106.75796
B04546P,Sbr. The Jakarta Post,-6.207699,106.79386
B04547P,Sbr. The Mansion Bougenvile,-6.147922,106.85525
B04548P,Sbr. The Pakubuwono Menteng,-6.187149,106.8263
B04549P,Sbr. The Wave,-6.214426,106.8363
B04550P,Sbr. Tip Top Rawamangun,-6.201238,106.8859
B04551P,Sbr. TK Aisyiyah 4 Tebet Timur,-6.231061,106.85259
B04552P,Sbr. TK Al Husna Petukangan Utara,-6.231887,106.74517
B04553P,Sbr. TK Dinamika,-6.29502,106.90397
B04555P,Sbr. TK Hangtuah 2,-6.109601,106.92599
B04556P,Sbr. TK Kartika VIII -13,-6.345264,106.82746
B04557P,Sbr. TK Kreatif Komimo,-6.143029,106.87258
B04558P,Sbr. TK Rahmania Ragunan,-6.316147,106.81651
B04559P,Sbr. TK Tarakanita 5,-6.202364,106.88301
B04560P,Sbr. TK Tunas Harapan,-6.232157,106.75153
B04561P,Sbr. TPA As Sholihin,-6.180049,106.90688
B04563P,Sbr. TPU Budi Darma,-6.119884,106.92917
B04564P,Sbr. TPU Grogol Selatan,-6.231588,106.78016
B04565P,Sbr. TPU Karet Bivak,-6.201088,106.81384
B04566P,Sbr. TPU Malaka,-6.22953,106.93514
B04567P,Sbr. TPU Petamburan,-6.19759,106.80394
B04568P,Sbr. TPU Pondok Kelapa,-6.23711,106.94312
B04572P,Sbr. TPU Utan Jati,-6.148096,106.71531
B04573P,Sbr. Transvision Tebet,-6.229498,106.8471
B04575P,Sbr. Univ. Darma Persada,-6.230626,106.92427
B04578P,Sbr. UP Angkutan Sekolah,-6.287471,106.87243
B04580P,Sbr. UPPRD Ciracas,-6.365306,106.88728
B04581P,Sbr. Versailles,-6.308522,106.67339
B04582P,Sbr. Villa Ampera,-6.273031,106.81562
B04584P,Sbr. Waduk Pluit,-6.113824,106.79461
B04585P,Sbr. Waduk Rawabadak,-6.126984,106.89517
B04588P,Sbr. Yamaha Music School Kemang,-6.262756,106.82364
B04590P,Sbr. Yayasan Adi Luhur Gedong,-6.292934,106.85577
B04591P,Sbr. Yayasan Al Azhar Syuhada,-6.326612,106.8207
B04592P,Sbr. Yayasan Al Fakhriyyah,-6.213737,106.77513
B04594P,Sbr. Yayasan Asih Budi,-6.22992,106.92008
B04595P,Sbr. Yayasan Hidayatut Tholibin,-6.288845,106.80207
B04596P,Sbr. Yayasan Islam Suci Susukan,-6.310841,106.87305
B04599P,Sbr. Yayasan Miftahussaadah,-6.136916,106.71423
B04602P,Sbr. Yayasan Perguruan Rakyat,-6.228811,106.89897
B04603P,Sbr. Yayasan Santo Yakobus,-6.153375,106.91608
B04604P,Sbr. YPI Asyaadah,-6.19093,106.94391
B04605P,Sbr. Jln. Cilincing Bakti,-6.106478,106.93343
B04606P,Sbr. Jln. Otista III Komplek III,-6.231873,106.87504
B04608P,Sbr. MIN 20 Jakarta,-6.122856,106.95719
B04610P,Sekolah Al Huda 1,-6.149731,106.72736
B04612P,Sekolah Al Wahyu Cibubur,-6.365855,106.88733
B04614P,Sekolah Arraudhah,-6.117556,106.91519
B04615P,Sekolah At Taqwa Karang Tengah,-6.149841,106.97189
B04616P,Sekolah Avicenna Jagakarsa,-6.336066,106.82948
B04617P,Sekolah Bahasa Polri,-6.207629,106.89013
B04618P,Sekolah Bethel KS Tubun,-6.196195,106.80497
B04619P,Sekolah Bhineka Tunggal Ika,-6.150601,106.80763
B04620P,Sekolah Bhudaya Santo Agustinus Cipinang,-6.209888,106.88474
B04621P,Sekolah Bumi Husada Ciracas,-6.323141,106.8839
B04623P,Sekolah Cahaya Sakti Otista I,-6.225391,106.86708
B04624P,Sekolah Charitas Pondok Labu,-6.305062,106.79864
B04625P,Sekolah Cita Buana,-6.316189,106.81425
B04627P,Sekolah Darul Maarif,-6.112794,106.92596
B04628P,Sekolah Darussalam H. Ipin,-6.311351,106.79271
B04630P,Sekolah Fatimiyah Perdana Kusuma,-6.249936,106.88003
B04631P,Sekolah Islam Al Azhar Jagakarsa,-6.330042,106.82612
B04632P,Sekolah Islam Gugusan Bintang,-6.333055,106.8817
B04633P,Sekolah Islam PB Soedirman,-6.314293,106.86298
B04635P,Sekolah Katolik Abdi Siswa,-6.181618,106.77983
B04636P,Sekolah Keperawatan YPDR,-6.311307,106.78843
B04637P,Sekolah Lemuel,-6.198212,106.803304
B04638P,Sekolah Malahayati,-6.325873,106.86006
B04639P,Sekolah Muhammadiyah Gelong Baru 1,-6.176013,106.79662
B04640P,Sekolah Muhammadiyah Gelong Baru 2,-6.176078,106.79672
B04641P,Sekolah Muhammadiyah Grogol,-6.163319,106.79327
B04643P,Sekolah Pah Tsung,-6.136693,106.73785
B04644P,Sekolah Pami Jaya,-6.248519,106.92513
B04646P,Sekolah Pelita II Kb. Jeruk 2,-6.164944,106.77149
B04647P,Sekolah Penabur Gunung Sahari,-6.170053,106.84024
B04648P,Sekolah PGRI Penggilingan,-6.216995,106.933775
B04649P,Sekolah Pinangsia,-6.138056,106.81607
B04650P,Sekolah Purba Adhika 1,-6.311037,106.78555
B04651P,Sekolah Purba Adhika 2,-6.311017,106.78548
B04653P,Sekolah Remaja Sungai Bambu,-6.1262,106.88414
B04655P,Sekolah Segar Amanah Klender,-6.223949,106.90863
B04656P,Sekolah Sinar Dharma,-6.149156,106.80735
B04658P,Sekolah Sumbangsih,-6.290013,106.8177
B04659P,Sekolah Tj. Priok,-6.114743,106.91098
B04661P,Sekolah Tarsisius 2,-6.199502,106.7824
B04662P,Sekolah Tunas Cemerlang,-6.238978,106.90499
B04664P,Sekolah Yanindo Jakarta,-6.119479,106.86699
B04665P,Sekolah Yapenda,-6.125204,106.89089
B04666P,Sekolah Yayasan Daarussaadah Ciganjur,-6.338634,106.80511
B04668P,Sekolahan Kwitang 6 PSKD,-6.241543,106.79607
B04669P,Sekretariat 06 Wijaya Kusuma,-6.155725,106.77781
B04670P,Seksi Dinas Pendidikan Makasar,-6.27554,106.87662
B04671P,Selapa Polri,-6.286492,106.77119
B04672P,Semar,-6.310566,106.80451
B04673P,Senayan,-6.215918,106.794
B04675P,Senayan JCC 1,-6.214516,106.808698
B04678P,Senopati,-6.230687,106.80809
B04680P,Sentra Timur,-6.20556,106.94787
B04682P,Sentraland Cengkareng,-6.139078,106.739378
B04684P,Seskoal 1,-6.238155,106.77231
B04685P,Seskoal 2,-6.238015,106.77247
B04686P,Setiabudi Utara 2,-6.207513,106.8294
B04687P,Setu 1,-6.313865,106.91199
B04688P,Setu 2,-6.313833,106.91194
B04690P,Tendean 1,-6.240326,106.8304
B04691P,Sherwood,-6.153084,106.90713
B04692P,Simpang Abdul Majid H. Saidi,-6.266188,106.80602
B04693P,Simpang Acordion Musik Raya,-6.174135,106.90959
B04694P,Simpang Adiaksa,-6.298247,106.77454
B04695P,Simpang Ahmad Yani H. Ten,-6.188381,106.87591
B04696P,Simpang Ahmad Yani Rawasari,-6.187925,106.87484
B04697P,Simpang Akses Pitungan,-6.107847,106.95986
B04699P,Simpang Al Barkah Dr Saharjo,-6.220395,106.84653
B04700P,Simpang Alu Alu Tenggiri,-6.202252,106.89441
B04702P,Simpang Anggrek Rosaliana Garuda,-6.19507,106.79494
B04703P,Simpang Anggrek Rosliana VII,-6.194473,106.79332
B04704P,Simpang Anggrek VII Rosliana,-6.194404,106.79337
B04705P,Simpang Anyelir,-6.308233,106.86383
B04706P,Simpang Arion,-6.194109,106.89127
B04707P,Simpang Arion 2,-6.194644,106.89109
B04708P,Simpang Arteri Kebayoran Lama,-6.219148,106.77902
B04710P,Simpang Assirat Kampung Baru,-6.225764,106.77202
B04711P,Simpang Balai Pustaka Timur Waru,-6.196611,106.88629
B04712P,Simpang Bango Margasatwa,-6.310005,106.80361
B04713P,Simpang Bango Tridharma Raya,-6.303002,106.80452
B04714P,Simpang Bantar Jati Hwarang,-6.311956,106.91849
B04715P,Simpang Batu Ampar Condet Raya,-6.284139,106.85555
B04716P,Simpang Batu Ampar IV Inerbang,-6.28148,106.86361
B04717P,Simpang Batu Pandan 1,-6.284209,106.85689
B04719P,Simpang Bekasi Timur II,-6.219554,106.87386
B04720P,Simpang Belly 1,-6.332931,106.86756
B04721P,Simpang Belly 2,-6.332179,106.86749
B04722P,Simpang Benda Raya Prepedan,-6.106666,106.70192
B04725P,Simpang Bina Marga Raya Ceger,-6.314652,106.89243
B04726P,Simpang Biru Laut Gading Mas,-6.166603,106.90896
B04727P,Simpang BKT,-6.230001,106.91423
B04728P,Simpang Blok A,-6.187214,106.81611
B04729P,Simpang Blok E,-6.184488,106.81525
B04731P,Simpang Bojong Raya Rawa Buaya,-6.159489,106.72975
B04732P,Simpang Bren Howitzer Raya,-6.163713,106.87047
B04733P,Simpang Budaya Batu Ampar 1,-6.273166,106.86047
B04734P,Simpang Budaya Batu Ampar 2,-6.272658,106.86094
B04735P,Simpang Budi Sakti Raya,-6.188377,106.78328
B04736P,Simpang Bukit Duri Selatan,-6.221135,106.85519
B04737P,Simpang Bukit Duri Selatan 1,-6.218901,106.85316
B04738P,Simpang Bukit Duri Selatan 2,-6.218776,106.85297
B04739P,Simpang Bundaran Ikan Harapan Indah 3,-6.180471,106.98134
B04740P,Simpang Bundaran Ikan Harapan Indah Raya 1,-6.181458,106.98134
B04741P,Simpang Bundaran Ikan Harapan Indah Raya 2,-6.181454,106.98145
B04743P,Simpang Bunga Flamboyan Melati,-6.269686,106.80352
B04745P,Simpang Bungur Mahakam,-6.31873,106.88377
B04746P,Simpang Buni Tomang Asli,-6.177988,106.80471
B04747P,Simpang Camar 1,-6.113327,106.91975
B04748P,Simpang Camar 2,-6.113256,106.9193
B04749P,Simpang Cemara Labu,-6.116039,106.91522
B04758P,Simpang Cempaka IV Raya 2,-6.1773,106.86047
B04759P,Simpang Cempaka Putih Ahmad Yani,-6.176898,106.87556
B04760P,Simpang Cempaka Putih Barat XXVI,-6.176241,106.86392
B04762P,Simpang Cendrawasih Hybrida Terusan,-6.14975,106.92309
B04763P,Simpang Cibubur I Raya PKP,-6.340402,106.87372
B04764P,Simpang Cibubur III/I,-6.344359,106.87407
B04766P,Simpang Cilandak Tengah Raya 1,-6.291253,106.80188
B04767P,Simpang Cilandak Tengah Raya 2,-6.291453,106.80187
B04770P,Simpang Cipete Dalam Raya,-6.277591,106.8007
B04774P,Simpang Cipinang Indah II,-6.232796,106.89096
B04776P,Simpang Cipinang Kebembem 1,-6.207671,106.88522
B04777P,Simpang Cipinang Kebembem 2,-6.207826,106.88514
B04778P,Simpang Cipinang Lontar Mulya Jaya,-6.217102,106.89005
B04779P,Simpang Cipinang Nusa Indah,-6.233614,106.88985
B04781P,Simpang Condet Baru 1,-6.284739,106.8582
B04782P,Simpang Condet Baru 2,-6.284556,106.8582
B04783P,Simpang Daan Mogot Gg. Macan,-6.163143,106.77313
B04785P,Simpang Danau Indah Barat,-6.153342,106.87962
B04786P,Simpang Danau Indah Raya,-6.15041,106.87981
B04787P,Simpang Danau Permai Raya,-6.150208,106.87982
B04788P,Simpang Danau Sunter Barat Utara,-6.140807,106.85704
B04789P,Simpang Danau Sunter Utara Barat,-6.139853,106.85663
B04790P,Simpang Darmawangsa X,-6.257555,106.80048
B04793P,Simpang Demi Serong Jatibaru,-6.181147,106.81714
B04794P,Simpang Deplu Raya,-6.27231,106.7649
B04795P,Simpang Deplu Veteran Raya,-6.271822,106.76451
B04797P,Simpang Dewi Sartika Condet,-6.26274,106.86451
B04798P,Simpang Dharmawangsa VIII,-6.253614,106.80792
B04799P,Simpang Dinkes,-6.170376,106.81543
B04802P,Simpang Empat Pelita 2,-6.126386,106.88368
B04803P,Simpang Fatmawati,-6.291232,106.79533
B04805P,Simpang Gading Pori Raya,-6.209232,106.88153
B04806P,Simpang Gading Raya,-6.239038,106.90515
B04807P,Simpang Gaharu MPR Raya,-6.28008,106.80245
B04808P,Simpang Gandaria Kyai Maja,-6.24186,106.79
B04810P,Simpang Gg. Macan Daan Mogot,-6.162659,106.77298
B04811P,Simpang Garden City 1,-6.171995,106.96297
B04814P,Simpang Gelong Baru Tengah Utara,-6.174399,106.79489
B04815P,Simpang Gongseng Raya H. Hasan,-6.325016,106.85048
B04816P,Simpang Gongseng Raya Pondok Baru,-6.326483,106.85919
B04817P,Simpang Gorda,-6.295655,106.89744
B04818P,Simpang Gotong Royong 2,-6.125482,106.89331
B04819P,Simpang Gunung Balong Karang Tengah,-6.303532,106.78163
B04820P,Simpang Gunung Sahari III,-6.167903,106.84174
B04821P,Simpang Gunung Sahari Martadinata,-6.130897,106.83094
B04822P,Simpang Hadiah,-6.161701,106.78412
B04823P,Simpang Hadiah 2,-6.160749,106.78554
B04824P,Simpang H. Ali Kramat Barat,-6.291941,106.86585
B04829P,Simpang H. Jian Abdul Majid 1,-6.266078,106.80441
B04830P,Simpang H. Jian Abdul Majid 2,-6.265754,106.80435
B04832P,Simpang H. Karim 1,-6.311168,106.90661
B04833P,Simpang H. Karim 2,-6.311021,106.90664
B04834P,Simpang H. Kelik Kelapa Dua,-6.208516,106.7692
B04835P,Simpang H. Montong Sadar,-6.338094,106.81353
B04836P,Simpang H. Muchtar Kejaksaan Raya,-6.225407,106.73791
B04838P,Simpang H. Naim Cilandak Barat,-6.28749,106.8023
B04839P,Simpang H. Saidi Abdul Majid,-6.266266,106.80629
B04840P,Simpang H. Ten Ahmad Yani,-6.188537,106.87606
B04845P,Simpang HH Meruya Ilir,-6.197859,106.7644
B04846P,Simpang Hwarang Bantar Jati,-6.311959,106.91843
B04847P,Simpang Indraloka 1,-6.157095,106.77782
B04848P,Simpang Indraloka 2,-6.15703,106.77786
B04849P,Simpang Inerbang Batu Ampar IV,-6.281504,106.86357
B04850P,Simpang Jln. 26 Selatan,-6.238345,106.92222
B04852P,Simpang Jln. Akses Tol Bintara,-6.219246,106.94976
B04853P,Simpang Jln. BBD Sadar Raya,-6.339541,106.81331
B04855P,Simpang Jln. Bumi Raya,-6.225145,106.91238
B04856P,Simpang Jln. H. Baserin 1,-6.244272,106.76324
B04858P,Simpang Jln. Kaliabang Gatet,-6.182737,106.99133
B04860P,Simpang Jln. Kenanga Indah,-6.177644,106.9817
B04862P,Simpang Jln. Kiwi Raya Bogor,-6.337797,106.86921
B04863P,Simpang Jln. Kramat Jaya 1,-6.108656,106.91734
B04866P,Simpang Jln. Menteng,-6.113217,106.917
B04867P,Simpang Jln. Mulia Jaya,-6.217859,106.8877
B04869P,Simpang Jln. Perdatam 1,-6.239013,106.76338
B04870P,Simpang Jln. Perdatam 2,-6.238833,106.76345
B04872P,Simpang Jln. Pisangan Lama,-6.211274,106.87876
B04873P,Simpang Jln. Radius Halim,-6.24517,106.89228
B04875P,Simpang Jln. Rawa Buaya,-6.160511,106.72757
B04876P,Simpang Jln. Sadar Raya BBD,-6.339461,106.81333
B04877P,Simpang Jln. Salam IV,-6.203626,106.77898
B04878P,Simpang Jln. Tarian Raya Barat,-6.170599,106.9099
B04880P,Simpang Jatinegara Timur IV,-6.222277,106.86838
B04881P,Simpang Jelambar Barat Utama I,-6.151226,106.78404
B04884P,Simpang Jengkol Joglo 1,-6.219014,106.72985
B04885P,Simpang Jengkol Joglo 2,-6.218995,106.72969
B04886P,Simpang JORR,-6.183114,106.93845
B04887P,Simpang Kali Besar Barat,-6.136879,106.812169
B04888P,Simpang Kali Caglak,-6.351441,106.87844
B04889P,Simpang Kaliabang Rorotan 1,-6.154064,106.97107
B04890P,Simpang Kaliabang Rorotan 2,-6.153794,106.97115
B04891P,Simpang Kalimalang,-6.245523,106.90507
B04893P,Simpang Kalisari II,-6.335786,106.8537
B04896P,Simpang Kampung Baru Assirat,-6.225618,106.77194
B04897P,Simpang Kampung Jembatan 1,-6.208642,106.93576
B04898P,Simpang Kampung Jembatan 2,-6.208426,106.93576
B04900P,Simpang Kampung Kandang 2,-6.310755,106.81318
B04902P,Simpang Kapuk Cengkareng,-6.1343,106.73051
B04904P,Simpang Karang Tengah,-6.310364,106.78098
B04905P,Simpang Karang Tengah 1,-6.310523,106.78131
B04906P,Simpang Karang Tengah Gunung Balong,-6.303402,106.78144
B04907P,Simpang Kawi Raya,-6.209476,106.83322
B04908P,Simpang Kayu Jati V Pemuda,-6.192962,106.88621
B04909P,Simpang Kebantenan IX,-6.108573,106.9326
B04910P,Simpang Kebantenan VIII,-6.109712,106.9303
B04914P,Simpang Kejaksaan H. Muchtar Raya,-6.225361,106.73783
B04915P,Simpang Kelapa Cengkir Flamboyan,-6.169191,106.90736
B04918P,Simpang Kelapa Cengkir Raya 3,-6.167429,106.90502
B04919P,Simpang Kelapa Dua H. Kelik,-6.208532,106.76918
B04920P,Simpang Kelapa Nias Pegangsaan,-6.154678,106.91592
B04921P,Simpang Kelapa Peon,-6.317779,106.82486
B04922P,Simpang Kemang 1,-6.25803,106.81504
B04924P,Simpang Kemang Selatan 1,-6.274242,106.82066
B04925P,Simpang Kemang Selatan 2,-6.274106,106.82045
B04926P,Simpang Kemang Timur Utara,-6.258729,106.82311
B04928P,Simpang Kemang Utara Timur,-6.258318,106.8231
B04930P,Simpang Kemanggisan Ilir Raya,-6.193066,106.784647
B04932P,Simpang Kembangan Raya 2,-6.176148,106.74794
B04933P,Simpang Kembangan Selatan,-6.184495,106.72967
B04934P,Simpang Kembangan Utara Bojong Raya,-6.171175,106.73311
B04935P,Simpang Kemuning Kamboja,-6.177041,106.80134
B04936P,Simpang Kepu Arteri Kelapa Gading,-6.177303,106.91253
B04939P,Simpang Kesemek 1,-6.113408,106.92089
B04940P,Simpang Kesemek 2,-6.113324,106.92085
B04942P,Simpang KH Abdulloh Karang Tengah 1,-6.147051,106.97188
B04944P,Simpang KH Hasyim Cideng Barat,-6.166007,106.81033
B04945P,Simpang KH Taisir Rawa Belong 2,-6.20081,106.78776
B04947P,Simpang Kodam Bintaro Permai,-6.259127,106.75974
B04949P,Simpang Kopi Bandengan Selatan,-6.135839,106.80689
B04950P,Simpang Kopi Kali Besar Barat,-6.134507,106.81106
B04951P,Simpang Kopi Roa Malaka,-6.134185,106.80986
B04952P,Simpang Kota Bambu Utara I,-6.186126,106.80866
B04953P,Simpang Kramat Barat H. Ali,-6.291904,106.86605
B04954P,Simpang Kramat II,-6.235583,106.78529
B04955P,Simpang Kramat Jaya Baru,-6.185568,106.85239
B04956P,Simpang Kramat Jaya Baru 1,-6.184392,106.85245
B04958P,Simpang Kramat Jaya Baru 3,-6.184227,106.85378
B04959P,Simpang Kramat Jaya Baru 4,-6.184193,106.85397
B04960P,Simpang Kramat Jaya Dukuh,-6.112507,106.91711
B04961P,Simpang Kramat Jaya Waru,-6.118637,106.91682
B04962P,Simpang Kunir Kemukus,-6.133731,106.81475
B04963P,Simpang Labu Cemara,-6.116082,106.91503
B04964P,Simpang Lagoa Ciampea,-6.108978,106.9077
B04966P,Simpang Lapan Madrasah 2,-6.341683,106.86317
B04969P,Simpang Latumeten,-6.162982,106.79024
B04972P,Simpang Lima Semper,-6.128516,106.91756
B04973P,Simpang Lima Senen,-6.179154,106.84241
B04975P,Simpang Lingkar Duren Sawit,-6.220922,106.91561
B04977P,Simpang Mabes Hankam Raya Ceger,-6.306299,106.88855
B04978P,Simpang Madrasah I Panjang Arteri,-6.215609,106.77444
B04979P,Simpang Mahoni Cempaka,-6.115972,106.91335
B04980P,Simpang Makaham Bungur,-6.318807,106.88377
B04982P,Simpang Mandala Dwikora,-6.245022,106.8922
B04983P,Simpang Mandala Maphalindo,-6.249189,106.89108
B04984P,Simpang Mandala Raya Selatan,-6.175729,106.79887
B04985P,Simpang Mandala Selatan Raya,-6.175717,106.79909
B04986P,Simpang Mandala Selatan Timur,-6.17199,106.80098
B04990P,Simpang Mandara Permai 2,-6.116512,106.75622
B04991P,Simpang Mangga Besar VIII,-6.150015,106.82562
B04995P,Simpang Manunggal Pintu 2,-6.297193,106.89291
B04996P,Simpang Margasatwa Bango,-6.310201,106.80346
B04997P,Simpang Margasatwa Cilandak KKO,-6.31022,106.81364
B05001P,Simpang Masjid Darul Falah 2,-6.236336,106.7513
B05003P,Simpang Matraman 2,-6.201601,106.85144
B05004P,Simpang Mawar Merah,-6.223833,106.93886
B05006P,Simpang Melati Tugu V,-6.121302,106.90799
B05007P,Simpang Melur Tugu,-6.122641,106.90796
B05008P,Simpang Merak Cipinang Indah,-6.234815,106.894
B05009P,Simpang Meruya Ilir 1,-6.196682,106.75517
B05010P,Simpang Meruya Ilir 2,-6.196802,106.75542
B05011P,Simpang Meruya Ilir Selatan,-6.198844,106.74191
B05013P,Simpang Meruya Ilir Utara,-6.198612,106.74196
B05014P,Simpang Meruya Panjang Arteri,-6.196626,106.76887
B05015P,Simpang Meruya Selatan Saaba,-6.214625,106.73768
B05016P,Simpang Mulya Jaya Cipinang Lontar,-6.217632,106.89025
B05017P,Simpang Muwardi Raya,-6.162593,106.79232
B05018P,Simpang Nusa Cipinang Indah,-6.233496,106.89006
B05019P,Simpang Nusa Indah Teratai Putih,-6.217936,106.93129
B05020P,Simpang Nusa Indah VI,-6.21821,106.93627
B05021P,Simpang Otista III Selatan,-6.231874,106.86803
B05022P,Simpang Otista III Utara,-6.231843,106.86776
B05023P,Simpang Pahlawan Revolusi 1,-6.238658,106.899461
B05024P,Simpang Pahlawan Revolusi 2,-6.238373,106.89937
B05025P,Simpang Pahlawan Revolusi Kalimalang,-6.245592,106.90576
B05027P,Simpang Pakin 2,-6.128288,106.80562
B05028P,Simpang Pakin 3,-6.129076,106.80514
B05029P,Simpang Palmerah Barat Rawa Belong,-6.206758,106.78372
B05030P,Simpang Pangeran Komarudin 1,-6.184719,106.94319
B05032P,Simpang Pangeran Komarudin 3,-6.185774,106.9433
B05036P,Simpang Panjang Kb. Jeruk 1,-6.198159,106.76922
B05037P,Simpang Panjang Kb. Jeruk 2,-6.19808,106.76938
B05038P,Simpang Ps. Bebek 1,-6.11034,106.94875
B05039P,Simpang Ps. Bebek 2,-6.110133,106.94875
B05043P,Simpang Ps. Kb. Pisang,-6.152576,106.78156
B05045P,Simpang Ps. Pagi,-6.139106,106.811233
B05046P,Simpang Ps. Pagi Raya Cilincing,-6.102924,106.93596
B05047P,Simpang Ps. Patra 1,-6.182986,106.77995
B05048P,Simpang Ps. Patra 2,-6.182981,106.77982
B05049P,Simpang Ps. Rawamangun,-6.198321,106.89001
B05050P,Simpang Ps. Warakas 1,-6.115658,106.88001
B05051P,Simpang Ps. Warakas 2,-6.115542,106.88002
B05052P,Simpang Ps. Warakas 3,-6.115511,106.87993
B05053P,Simpang Patra Kepa,-6.178458,106.77962
B05054P,Simpang Patra Lontar Raya,-6.182359,106.78119
B05055P,Simpang Pedongkelan Cilincing Bakti,-6.108168,106.93406
B05056P,Simpang Pegangsaan Dua Hybrida,-6.148745,106.91565
B05058P,Simpang Pejompongan Dalam,-6.204269,106.80537
B05059P,Simpang Penggilingan Baru I,-6.302681,106.88123
B05061P,Simpang Penyelesaian Tomang 1,-6.196632,106.72951
B05062P,Simpang Pepaya Sagu Raya,-6.317485,106.81909
B05063P,Simpang Perintis 1,-6.229048,106.88882
B05064P,Simpang Perintis 2,-6.229105,106.88833
B05065P,Simpang Perintis Pulo Mas Timur,-6.172481,106.88914
B05066P,Simpang Permata Meruya 1,-6.195196,106.73953
B05067P,Simpang Permata Meruya 2,-6.195059,106.73972
B05068P,Simpang Perniagaan Tambora,-6.14163,106.80768
B05070P,Simpang Persahabatan Timur,-6.206614,106.88835
B05072P,Simpang Pinang I Pondok Labu,-6.309114,106.79567
B05073P,Simpang Pinggir Kali Sunter,-6.112358,106.90584
B05074P,Simpang Pisangan Lama III Pori,-6.20933,106.87884
B05075P,Simpang Pisangan Lama III Selatan,-6.213529,106.87885
B05076P,Simpang Pisangan Lama Selatan III,-6.21387,106.87884
B05077P,Simpang Pisok Giring Giring,-6.16936,106.90739
B05078P,Simpang Pitungan,-6.100212,106.9606
B05079P,Simpang PKP Raya KDW,-6.340963,106.8873
B05080P,Simpang Pluit Raya,-6.127123,106.80441
B05082P,Simpang Pondok Bambu Batas 1,-6.241476,106.90061
B05083P,Simpang Pondok Bambu Batas 2,-6.241533,106.90058
B05084P,Simpang Pondok Bambu Batas 3,-6.241251,106.90098
B05085P,Simpang Pondok Bambu Batas 4,-6.241275,106.90108
B05086P,Simpang Pondok Baru Gongseng Raya,-6.326243,106.85929
B05087P,Simpang Pori Gading Raya,-6.209208,106.88149
B05088P,Simpang Pori Pisangan Lama III,-6.209374,106.87884
B05089P,Simpang Pos Pengumben Panjang Arteri,-6.215786,106.77421
B05090P,Simpang Prepedan Benda Raya,-6.106575,106.70192
B05094P,Simpang Pulo Mas Raya Timur,-6.178746,106.8856
B05095P,Simpang Puskesmas Penggilingan Baru,-6.301457,106.88133
B05096P,Simpang Radin Inten II Kalimalang,-6.247574,106.92049
B05097P,Simpang Rajawali Cipinang Indah,-6.233049,106.89328
B05099P,Simpang Rawa Barat,-6.238408,106.81489
B05100P,Simpang Rawa Belong 2 KH Taisir,-6.200768,106.78765
B05101P,Simpang Rawa Belong Kemanggisan,-6.198872,106.78212
B05102P,Simpang Rawa Belong Palmerah Barat,-6.20663,106.78342
B05103P,Simpang Rawa Belong Sulaiman,-6.20612,106.78276
B05104P,Simpang Rawa Buaya Bojong Raya,-6.159465,106.72952
B05106P,Simpang Rawa Kompeni Raya Prancis,-6.109565,106.68406
B05109P,Simpang Raya Bekasi Rawa Kuning,-6.190565,106.96723
B05110P,Simpang Raya Bogor Cililitan,-6.264191,106.86585
B05111P,Simpang Raya Bogor Suci,-6.318777,106.86512
B05112P,Simpang Raya Ceger Bina Marga,-6.314974,106.89265
B05114P,Simpang Raya Cilincing Sungai Landak,-6.101579,106.93808
B05115P,Simpang Raya Ciracas Pengantin Ali,-6.328009,106.88245
B05116P,Simpang Raya Condet Batu Ampar,-6.28409,106.85556
B05117P,Simpang Raya KDW PKP,-6.340686,106.88691
B05118P,Simpang Raya PKP Cibubur I,-6.34034,106.87371
B05119P,Simpang Raya Poncol Susukan,-6.329861,106.86868
B05121P,Simpang Raya Pondok Gede 2,-6.283372,106.91042
B05122P,Simpang Raya Tengah H. Ali,-6.292515,106.85951
B05123P,Simpang Raya Tengah Waru,-6.29326,106.85985
B05125P,Simpang Rel Kereta Bintaro 2,-6.256574,106.76224
B05126P,Simpang Rindang Warung Sila,-6.345832,106.81159
B05128P,Simpang RP Soeroso,-6.191004,106.83603
B05132P,Simpang Sabar Raya 1,-6.24116,106.75245
B05134P,Simpang Sabar Raya Petukangan 1,-6.236754,106.75243
B05135P,Simpang Sabar Raya Petukangan 2,-6.236966,106.7526
B05136P,Simpang Sadar H. Montong,-6.337924,106.81347
B05137P,Simpang Sagu Pepaya Raya,-6.317811,106.81912
B05139P,Simpang Sawo Raya Rawa Kuning,-6.211064,106.95786
B05140P,Simpang Selat Bali Makasar,-6.239988,106.91498
B05141P,Simpang Selat Makasar Bali,-6.23997,106.91493
B05142P,Simpang Semangka I,-6.179887,106.8059
B05143P,Simpang Semangka II,-6.179984,106.80591
B05144P,Simpang Semangka III,-6.180659,106.80608
B05145P,Simpang Semangka Mahoni,-6.116007,106.91315
B05146P,Simpang Serdang Kel. I,-6.227192,106.91484
B05147P,Simpang Serdang Swadaya Raya 1,-6.227331,106.9148
B05149P,Simpang Seroja Cempaka,-6.181809,106.7991
B05150P,Simpang Seruling Musik Raya,-6.17436,106.9095
B05151P,Simpang Sinar Lagoa,-6.108986,106.90781
B05152P,Simpang SMKN 35,-6.161102,106.81006
B05153P,Simpang Squadron,-6.267009,106.87725
B05154P,Simpang Srengseng Meruya Ilir 1,-6.197437,106.75633
B05157P,Simpang St. Senen,-6.17651,106.84388
B05158P,Simpang STIP,-6.10795,106.95998
B05159P,Simpang Suci Raya Bogor,-6.318807,106.86517
B05160P,Simpang Sulaiman Rawa Belong,-6.20609,106.78269
B05162P,Simpang Sungai Landak Raya Cilincing,-6.101625,106.93817
B05163P,Simpang Sunter Indah Raya,-6.153695,106.87931
B05165P,Simpang Sunter Kemayoran Jaya,-6.153945,106.86067
B05167P,Simpang Taman Malaka Utara Barat,-6.230694,106.9284
B05168P,Simpang Tanah Abang II Cideng,-6.175292,106.81209
B05170P,Simpang Tanah Tinggi Timur,-6.174437,106.85231
B05172P,Simpang Tj. Duren Barat 1,-6.169914,106.7752
B05173P,Simpang Tj. Duren Barat 2,-6.170356,106.77528
B05174P,Simpang Tj. Duren Barat 3,-6.16966,106.77489
B05175P,Simpang Tj. Duren Barat 6,-6.18221,106.78338
B05176P,Simpang Tj. Duren Raya,-6.173776,106.78377
B05177P,Simpang Tj. Duren Timur 5,-6.180482,106.78375
B05178P,Simpang Tj. Duren Timur 6,-6.182362,106.78363
B05179P,Simpang Tarakan Cideng Barat,-6.170569,106.81074
B05180P,Simpang Tawakal Kyai Tapa,-6.166588,106.79544
B05183P,Simpang Tb Simatupang Tunda Bara,-6.292999,106.7987
B05184P,Simpang Tebet Barat IX 1,-6.238417,106.85198
B05185P,Simpang Tebet Barat IX 2,-6.238345,106.85188
B05186P,Simpang Tebet Barat Raya,-6.23012,106.85121
B05188P,Simpang Tebet Raya Barat 1,-6.229448,106.84879
B05189P,Simpang Tebet Raya Timur,-6.22987,106.85278
B05190P,Simpang Tebet Raya Utara,-6.229717,106.85244
B05192P,Simpang Tebet Utara Dalam Raya,-6.228727,106.85482
B05194P,Simpang Tenggiri Tongkol Raya,-6.11165,106.88303
B05200P,Simpang Tiga 1,-6.210708,106.93903
B05201P,Simpang Tiga 2,-6.210983,106.93935
B05202P,Simpang Tiga Pulo Gebang Raya,-6.206982,106.95468
B05203P,Simpang Toko 3 Tambora,-6.141611,106.81047
B05204P,Simpang Tomang Asli Buni,-6.1779,106.80489
B05207P,Simpang Tomang Tinggi Tawakal VI,-6.170244,106.79674
B05208P,Simpang Tridharma Bango Raya,-6.30308,106.80455
B05209P,Simpang Tubagus Angke,-6.144122,106.78319
B05210P,Simpang Tunda Bara TB Simatupang,-6.292612,106.7987
B05211P,Simpang Utama Sakti,-6.151962,106.78157
B05213P,Simpang Warakas Gg 13,-6.123272,106.87627
B05214P,Simpang Warakas III,-6.118043,106.88086
B05215P,Simpang Waru Cemara,-6.11862,106.91531
B05216P,Simpang Waru Gedong,-6.29329,106.85793
B05217P,Simpang Waru Kramat Jaya,-6.118678,106.91659
B05218P,Simpang Waru Tengah,-6.293301,106.85862
B05219P,Simpang Warung Sila Rindang,-6.345472,106.81167
B05220P,Simpang Wijaya XIII Panglima Polim,-6.249559,106.79998
B05221P,Simpang Z Sukabumi Selatan 1,-6.218681,106.77024
B05222P,Simpang Z Sukabumi Selatan 2,-6.218721,106.77027
B05223P,Simprug 1,-6.223678,106.7902
B05224P,Simprug 2,-6.225306,106.78929
B05227P,Singapore International School,-6.149554,106.915842
B05228P,Singgalang,-6.236849,106.78782
B05230P,SIT I-II PIK,-6.124299,106.74558
B05231P,SIT III PIK,-6.123856,106.74238
B05232P,Situ Gintung 1,-6.300534,106.76234
B05233P,Situ Gintung 2,-6.301629,106.76139
B05234P,Skywalk ITC Mangga Dua,-6.136363,106.8237
B05235P,Slamet Riyadi 1,-6.208434,106.85904
B05237P,SLB 01,-6.307004,106.78025
B05238P,SLB Pangudi Luhur,-6.187212,106.75526
B05239P,Slbn 7 Jakarta,-6.233213,106.88266
B05240P,Slipi Jaya,-6.189512,106.79636
B05241P,Slipi Petamburan 1,-6.201627,106.8001
B05243P,SMA Angkasa 1,-6.24975,106.88267
B05244P,SMA Angkasa 2,-6.276218,106.88766
B05245P,SMA Budi Utomo,-6.167046,106.838
B05246P,SMA Cengkareng 1,-6.14307,106.71742
B05247P,SMA Islam As Syafiiyah 01,-6.220766,106.85339
B05248P,SMA Kartika,-6.260596,106.75896
B05250P,SMA Muhammadiyah 5,-6.235661,106.85353
B05251P,SMA Taman Madya 1,-6.157191,106.85715
B05252P,SMAK Penabur Enam 1,-6.114247,106.77389
B05253P,SMAK Penabur Enam 2,-6.115644,106.77506
B05254P,SMAN 10,-6.146713,106.82652
B05255P,SMAN 10 Bekasi,-6.176243,106.98173
B05256P,SMAN 100,-6.228401,106.88494
B05257P,SMAN 104,-6.302703,106.85941
B05258P,SMAN 108,-6.253902,106.76371
B05259P,SMAN 109,-6.344687,106.83351
B05263P,SMAN 21,-6.184392,106.88684
B05264P,SMAN 24,-6.210598,106.79631
B05265P,SMAN 28,-6.286109,106.83318
B05266P,SMAN 38,-6.336201,106.83579
B05267P,SMAN 42,-6.255854,106.89179
B05268P,SMAN 49,-6.324742,106.81981
B05269P,SMAN 5,-6.159519,106.86711
B05271P,SMAN 51,-6.276921,106.86075
B05272P,SMAN 52,-6.122613,106.92425
B05273P,SMAN 55,-6.253455,106.83867
B05275P,SMAN 61,-6.236929,106.89823
B05276P,SMAN 65,-6.200842,106.76904
B05277P,SMAN 66,-6.306231,106.80379
B05278P,SMAN 67,-6.276266,106.88657
B05280P,SMAN 8,-6.218257,106.85954
B05282P,SMAN 85,-6.215171,106.75989
B05288P,SMK Angkasa 2,-6.252043,106.88984
B05290P,SMK Bina Darma DKI,-6.220551,106.92073
B05291P,SMK Darussalam,-6.319946,106.74598
B05292P,SMK Hatawana,-6.229468,106.87871
B05294P,SMK Jakpus 1,-6.175714,106.81961
B05295P,SMK Kartika X-2,-6.252716,106.75631
B05296P,SMK Karya Teladan,-6.258596,106.84351
B05298P,SMK Ora Et Labora,-6.247473,106.79999
B05299P,SMK Pelayaran Jakarta,-6.127438,106.87358
B05300P,SMK Ristek Kikin,-6.206887,106.93519
B05301P,SMK Sahid Jakarta,-6.314831,106.87418
B05303P,SMK Satria Srengseng,-6.208852,106.75889
B05304P,SMK Swadaya Global School,-6.247161,106.91976
B05305P,SMK Tj. Priok 2,-6.113836,106.91102
B05306P,SMK Tunas Markatin,-6.196619,106.88842
B05308P,SMKN 12,-6.115571,106.88546
B05309P,SMKN 22,-6.294243,106.85554
B05310P,SMKN 26,-6.193898,106.88623
B05311P,SMKN 28,-6.284944,106.79578
B05313P,SMKN 32,-6.22951,106.8493
B05314P,SMKN 33,-6.180671,106.90662
B05315P,SMKN 38,-6.181971,106.8174
B05316P,SMKN 4,-6.141156,106.95555
B05317P,SMKN 42,-6.144079,106.72937
B05318P,SMKN 48,-6.219401,106.92361
B05319P,SMKN 49,-6.129409,106.95577
B05321P,SMKN 50,-6.228003,106.89039
B05322P,SMKN 52,-6.365228,106.88588
B05323P,SMKN 54,-6.155175,106.86089
B05324P,SMKN 56,-6.119094,106.79423
B05326P,SMKN 63,-6.351697,106.79855
B05327P,SMKN 7,-6.197969,106.89201
B05328P,SMKN Jasalena Marunda,-6.127384,106.95669
B05329P,SMP Dan SMK Bakti 17,-6.348009,106.80965
B05330P,SMP El Syifa Ciganjur,-6.334125,106.80695
B05331P,SMP Islam Al Azhar 19,-6.36591,106.88823
B05332P,SMP Model Ar Riyadh Insan Cendikia,-6.183258,106.98411
B05333P,SMP Muhammadiyah 2,-6.162466,106.84286
B05334P,SMP Nurul Falah,-6.110951,106.92581
B05335P,SMP Paskalis 1,-6.178698,106.84843
B05336P,SMP PGRI 9,-6.332922,106.89179
B05338P,SMPN 10,-6.163478,106.86518
B05339P,SMPN 106,-6.314971,106.87411
B05340P,SMPN 115,-6.225709,106.85488
B05342P,SMPN 124,-6.258975,106.82624
B05343P,SMPN 126,-6.28437,106.86419
B05344P,SMPN 127,-6.198939,106.7783
B05345P,SMPN 128,-6.279105,106.88936
B05347P,SMPN 131,-6.362279,106.8017
B05349P,SMPN 137,-6.180076,106.86676
B05350P,SMPN 14,-6.214718,106.86485
B05352P,SMPN 154,-6.250068,106.85288
B05354P,SMPN 165,-6.22418,106.90285
B05356P,SMPN 170,-6.178079,106.9132
B05357P,SMPN 174,-6.311716,106.87463
B05358P,SMPN 177,-6.261215,106.75713
B05360P,SMPN 184,-6.340806,106.8637
B05361P,SMPN 188,-6.307289,106.87793
B05362P,SMPN 190,-6.108399,106.70296
B05363P,SMPN 199,-6.230971,106.94309
B05366P,SMPN 205,-6.170396,106.70696
B05367P,SMPN 209,-6.288613,106.86372
B05368P,SMPN 214,-6.25378,106.89073
B05369P,SMPN 222,-6.308849,106.88887
B05371P,SMPN 228,-6.160715,106.86653
B05372P,SMPN 229,-6.19752,106.77284
B05373P,SMPN 232,-6.203027,106.8828
B05374P,SMPN 235,-6.254954,106.75651
B05375P,SMPN 240,-6.26076,106.78895
B05377P,SMPN 245,-6.225869,106.73983
B05379P,SMPN 258,-6.357133,106.87444
B05380P,SMPN 263,-6.29461,106.87865
B05383P,SMPN 289,-6.138058,106.9218
B05384P,SMPN 43,-6.240281,106.82639
B05385P,SMPN 44,-6.207599,106.88178
B05386P,SMPN 48,-6.233393,106.78025
B05387P,SMPN 6 Bekasi,-6.28259,106.91272
B05388P,SMPN 68,-6.278279,106.79964
B05389P,SMPN 78,-6.173538,106.85226
B05390P,SMPN 79,-6.15727,106.85677
B05391P,SMPN 8,-6.201167,106.84291
B05392P,SMPN 80,-6.249971,106.88347
B05393P,SMPN 84,-6.115887,106.91118
B05394P,SMPN 85,-6.31244,106.79533
B05396P,SMPN 89,-6.178359,106.78195
B05397P,SMU 79,-6.225412,106.83865
B05398P,Soepomo,-6.224741,106.84751
B05399P,South City Cinere,-6.34504,106.767638
B05401P,SPBG Jakpro,-6.117747,106.79188
B05403P,SPBU Bintaro Pondok Betung,-6.261488,106.75659
B05405P,SPBU Gedong Panjang,-6.130757,106.80557
B05407P,SPBU Industri Kemayoran,-6.14864,106.83832
B05408P,SPBU Jln. Guru,-6.318164,106.83745
B05409P,SPBU Limo Cinere,-6.343345,106.77832
B05411P,SPBU Meruya Ilir,-6.19749,106.75352
B05412P,SPBU Pinang Ranti 1,-6.291256,106.88859
B05413P,SPBU Pinang Ranti 2,-6.291064,106.88845
B05415P,SPBU Setu,-6.305882,106.91644
B05416P,SPBU Shell Rempoa,-6.265358,106.76615
B05417P,SPBU Slipi,-6.189919,106.79321
B05418P,SPBU Srengseng Raya,-6.218822,106.76037
B05419P,SPBU Yos Sudarso,-6.145808,106.88999
B05422P,STAI Az Ziyadah 2,-6.222785,106.90469
B05423P,Viva Futsal,-6.218724,106.81944
B05425P,St. Blok A Dharmawangsa,-6.254652,106.79733
B05426P,St. Blok A Petogogan,-6.254711,106.79713
B05429P,St. Cawang 2,-6.242605,106.85849
B05430P,St. Cawang 3,-6.242724,106.85853
B05431P,St. Cikini Barat,-6.199614,106.84183
B05432P,St. Cikini Selatan,-6.200967,106.84287
B05433P,Pegangsaan Timur,-6.199263,106.84205
B05434P,St. Cipete Raya 1,-6.278374,106.79746
B05435P,St. Cipete Raya 2,-6.278423,106.79716
B05436P,St. Duren Kalibata,-6.254264,106.85531
B05437P,St. Duren Kalibata 1,-6.255579,106.85422
B05438P,St. Duren Kalibata 2,-6.256023,106.85547
B05439P,St. Duren Kalibata 3,-6.255192,106.85492
B05440P,St. Duren Kalibata 4,-6.255071,106.85506
B05441P,St. Gambir 1,-6.178206,106.83152
B05442P,St. Gambir 2,-6.17568,106.8307
B05443P,St. Gg. Sentiong,-6.185997,106.85083
B05445P,St. Gondangdia 2,-6.185054,106.8323
B05446P,St. Grogol,-6.161785,106.78993
B05447P,Kota 1,-6.137079,106.81431
B05448P,St. Jakarta Kota Baru,-6.137749,106.81631
B05449P,St. Jayakarta 1,-6.14097,106.82305
B05450P,St. Jayakarta 2,-6.140453,106.82291
B05451P,St. Juanda,-6.16693,106.83064
B05453P,St. Karet,-6.200377,106.81546
B05454P,St. Kebayoran,-6.239001,106.78198
B05455P,St. Kebayoran 2,-6.235723,106.78285
B05457P,St. Klender 1,-6.213598,106.89787
B05458P,St. Klender 2,-6.213433,106.89787
B05459P,St. Klender Baru,-6.217782,106.93957
B05460P,St. Klender Muka,-6.212928,106.89948
B05463P,St. Lenteng Agung 1,-6.330883,106.83542
B05464P,St. Lenteng Agung 2,-6.331342,106.83467
B05466P,St. LRT Boulevard Selatan 2,-6.169685,106.89943
B05469P,St. LRT Boulevard Utara 1,-6.159158,106.90631
B05470P,St. LRT Boulevard Utara 2,-6.159539,106.90573
B05471P,St. LRT Equestrian 1,-6.1846,106.89111
B05473P,St. LRT Pegangsaan Dua,-6.156857,106.91386
B05477P,St. LRT Velodrome 1,-6.191381,106.89127
B05478P,St. LRT Velodrome 2,-6.192994,106.89107
B05479P,St. LRT Velodrome 3,-6.19151,106.89108
B05482P,St. MRT Asean 1,-6.23844,106.79858
B05484P,St. MRT Blok A,-6.257009,106.796912
B05485P,St. MRT Blok M 1,-6.244367,106.79823
B05488P,St. MRT Fatmawati,-6.292589,106.7936
B05492P,St. MRT Lebak Bulus,-6.289421,106.77436
B05494P,St. Pasar Minggu 1,-6.283156,106.84468
B05498P,St. Pesing,-6.161726,106.77127
B05499P,St. Rawa Buaya,-6.163471,106.72374
B05500P,St. Sawah Besar 1,-6.159888,106.82767
B05501P,St. Sawah Besar 2,-6.161426,106.82806
B05502P,St. Sudirman 2,-6.201883,106.82277
B05505P,St. Tanah Abang 3,-6.183388,106.8122
B05507P,St. Tanah Tinggi 2,-6.175459,106.64576
B05508P,St. Tj. Barat 1,-6.307524,106.83926
B05509P,St. Tj. Barat 2,-6.307681,106.8386
B05510P,St. Tebet 1,-6.225576,106.85862
B05511P,St. Tebet 2,-6.225525,106.85813
B05512P,St. Tebet 3,-6.225604,106.85923
B05513P,St. Tebet Pintu Barat,-6.226641,106.85819
B05514P,St. Universitas Pancasila,-6.339371,106.83396
B05515P,St. Univ. Pancasila Jak Lingko,-6.338987,106.83458
B05516P,STBA Pertiwi,-6.261526,106.864
B05517P,STEKPI,-6.255574,106.84966
B05518P,Stella Maris 1,-6.112083,106.79282
B05519P,Stella Maris 2,-6.112308,106.79234
B05520P,STIAMI 1,-6.377387,106.83318
B05521P,STIAMI 2,-6.377369,106.83281
B05523P,STIE Bisnis,-6.153634,106.72636
B05524P,STIE IBEK,-6.173256,106.7977
B05525P,STIE Rawamangun,-6.189799,106.88422
B05526P,STIE Trianandra,-6.226176,106.89875
B05527P,STIE YAI Senen,-6.183885,106.84333
B05530P,STIP,-6.104402,106.95904
B05531P,STIS,-6.231063,106.86716
B05532P,STM Cendrawasih,-6.216418,106.77393
B05533P,STM Mandiri,-6.389279,106.82612
B05534P,STMIK Jakarta,-6.257157,106.78985
B05535P,STMT Trisakti 1,-6.231933,106.87782
B05536P,STMT Trisakti 2,-6.231981,106.8777
B05537P,STMT Trisakti 3,-6.230904,106.87854
B05538P,STPDN,-6.28439,106.81899
B05539P,STT PLN,-6.168512,106.72742
B05540P,Sudin Kebersihan Senen,-6.168882,106.84355
B05542P,Sudin Pencatatan Sipil 2,-6.203555,106.89029
B05544P,Summitmas,-6.225826,106.80402
B05546P,Sumur Bor 3,-6.152746,106.71878
B05549P,Sunter Boulevard Barat 1,-6.149527,106.88866
B05550P,Sunter Icon,-6.135417,106.85589
B05552P,Sunter Karya 2,-6.137641,106.86996
B05553P,Sunter Karya 3,-6.13744,106.87112
B05554P,Sunter Kelapa Gading 1,-6.142707,106.89049
B05555P,Sunter Kelapa Gading 2,-6.143194,106.891
B05556P,Sunter Muara,-6.144072,106.85763
B05557P,Sunter Permai Indah 1,-6.149457,106.88515
B05558P,Sunter Permai Indah 2,-6.149751,106.88647
B05559P,Superindo Bulak Kapal 1,-6.24914,107.02344
B05560P,Superindo Bulak Kapal 2,-6.249488,107.02384
B05561P,Superindo Meruya Ilir,-6.197636,106.74562
B05563P,Supriyadi,-6.308998,106.87046
B05565P,Sutera Niaga 2,-6.240488,106.6474
B05566P,Suzuki,-6.193509,106.93555
B05567P,Suzuki Panjang Arteri,-6.191998,106.76896
B05568P,Swadaya,-6.253975,106.83288
B05569P,Syibi,-6.350345,106.83272
B05570P,Taman Anggrek,-6.17624,106.79281
B05573P,Taman Asem PPSU Tj. Priok,-6.117021,106.86998
B05574P,Taman Ayodya,-6.245687,106.79467
B05575P,Taman Bambu 1,-6.302506,106.91524
B05576P,Taman Bambu 2,-6.302619,106.91542
B05577P,Taman Barito Sembar,-6.132105,106.92023
B05578P,Taman Bayu,-6.2241,106.91027
B05579P,Taman BMW,-6.125862,106.85843
B05581P,Taman Buaran Indah,-6.216979,106.92356
B05582P,Taman Bugis,-6.115827,106.88827
B05584P,Taman DDN,-6.312565,106.7965
B05586P,Taman Duren Sawit,-6.240353,106.92157
B05587P,Taman Elok 1,-6.195743,106.93526
B05588P,Taman Elok 2,-6.195679,106.93531
B05589P,Taman Enim,-6.11099,106.88412
B05590P,Taman Gg. Kelor,-6.21124,106.85879
B05591P,Taman Gorontalo,-6.113101,106.88321
B05595P,Taman Intirub 1,-6.265957,106.87819
B05596P,Taman Intirub 2,-6.265962,106.87807
B05597P,Taman Ismail Marzuki,-6.19163,106.83847
B05598P,Taman Jln. Bhakti 1,-6.105653,106.94035
B05599P,Taman Jln. Bhakti 2,-6.105763,106.94029
B05600P,Taman Jogging Kelapa Gading 1,-6.161115,106.90612
B05601P,Taman Jogging Kelapa Gading 2,-6.161241,106.90506
B05602P,Taman Jogging Kelapa Gading 3,-6.161135,106.90477
B05604P,Taman Juang 2,-6.179604,106.80554
B05605P,Taman Kayu Jati V,-6.19034,106.88672
B05607P,Taman Kemang Raya,-6.255214,106.81045
B05609P,Taman Kota Intan,-6.131785,106.81236
B05610P,Taman Kota Plumpang,-6.127924,106.89399
B05612P,Taman Lenteng Agung,-6.322961,106.83569
B05613P,Taman Lestari Indah,-6.296499,106.77774
B05614P,Taman Mahoni,-6.340472,106.87479
B05615P,Taman Malaka Barat 1D,-6.231106,106.92698
B05616P,Taman Malaka Selatan 1 Gg E,-6.230689,106.93163
B05617P,Taman Malaka Selatan 1B,-6.23076,106.93343
B05618P,Taman Malaka Selatan 2,-6.232454,106.93131
B05619P,Taman Mandiri Kelapa Gading,-6.142848,106.91007
B05620P,Taman Maramba,-6.17623,106.90716
B05621P,Taman Margahayu 1,-6.248137,107.02075
B05622P,Taman Margahayu 2,-6.24846,107.02153
B05623P,Taman Martha Tiahahu,-6.242892,106.79838
B05626P,Taman Menteng,-6.195931,106.82884
B05627P,Taman Menteng 1,-6.19559,106.82999
B05629P,Taman Meruya Ilir,-6.198772,106.73948
B05630P,Taman Modern 1,-6.185359,106.94843
B05631P,Taman Modern 2,-6.185154,106.94806
B05632P,Taman Palem Lestari,-6.139986,106.72956
B05634P,Taman Pangkalan Jati Kalimalang,-6.24599,106.9053
B05635P,Taman Panglima Polim,-6.251369,106.79751
B05637P,Taman Patimura,-6.232872,106.80081
B05639P,Taman Persahabatan,-6.206699,106.88653
B05640P,Taman PIK Penggilingan,-6.2042,106.93176
B05641P,Taman Puring,-6.240966,106.78873
B05642P,Taman Puring 2,-6.242596,106.78793
B05643P,Taman Rasuna Tower 10,-6.218581,106.83599
B05644P,Taman Rasuna Tower 17,-6.217105,106.83598
B05645P,Taman Rekreasi Wiladatika,-6.369751,106.89248
B05648P,Taman Ria,-6.213308,106.80236
B05649P,Taman Rosita,-6.237444,106.84456
B05651P,Taman Segitiga Cibubur,-6.36869,106.88971
B05652P,Taman Semanan Indah,-6.163993,106.72545
B05653P,Taman Simpang Jatinegara,-6.217541,106.87352
B05654P,Taman Spatodhea,-6.322818,106.82439
B05655P,Taman Sunter,-6.150072,106.85779
B05656P,Taman Suropati,-6.200037,106.83234
B05658P,Taman Suryo,-6.233753,106.81265
B05660P,Taman Ut Aheme,-6.227704,106.92256
B05661P,Taman Wahidin,-6.166873,106.83918
B05663P,Tamini Square 1,-6.291762,106.88073
B05664P,Tamini Square 2,-6.29165,106.8809
B05666P,Tanah Abang 2,-6.181926,106.81409
B05667P,Tanah Abang AURI,-6.186064,106.81536
B05668P,Tanah Abang Blok B,-6.188459,106.81447
B05669P,Tanah Abang Blok G,-6.18865,106.81293
B05670P,Tanah Baru Cipedak,-6.363462,106.80684
B05671P,Tanah Koja,-6.209364,106.90161
B05672P,Tanah Merah,-6.142042,106.90862
B05673P,Tanah Merdeka 1,-6.30813,106.8745
B05675P,Tanah Pasir Gedong Panjang,-6.129596,106.80506
B05676P,Tangerang City 2,-6.19454,106.63475
B05677P,Tangerang City Mall 1,-6.194185,106.63605
B05680P,Tj. Mas Raya,-6.308428,106.8391
B05683P,Taufik Hidayat Arena,-6.340259,106.87678
B05684P,TDP,-6.245518,106.90957
B05685P,Tebet Balai Sudirman,-6.226949,106.84757
B05686P,Tebet Barat Dalam,-6.239317,106.84535
B05687P,Tegal Parang 1,-6.239791,106.83149
B05688P,Tegal Parang 2,-6.238571,106.83054
B05689P,Tegalan 1,-6.202401,106.85652
B05690P,Tegalan 2,-6.202921,106.85729
B05691P,Tegalan 3,-6.204747,106.858
B05692P,Telaga Raya Sunter Jaya,-6.151214,106.86133
B05693P,Telkom Grapari,-6.18222,106.83297
B05694P,Telkom Tj. Priok,-6.11025,106.8842
B05695P,Telkom Tebet,-6.224064,106.8516
B05696P,Telkomsel Cempaka Putih,-6.173603,106.86006
B05697P,Telkomsel Jln. Nangka,-6.304254,106.84593
B05698P,Tempo Scan,-6.235112,106.82885
B05699P,Teraskota,-6.295262,106.66658
B05701P,Term. BSD,-6.306375,106.68536
B05702P,Term. Depok,-6.39164,106.82466
B05703P,Term. Depok Baru,-6.391068,106.82251
B05704P,Term. Grogol,-6.166565,106.79025
B05705P,Term. Grogol 2,-6.16618,106.79329
B05706P,Term. Kampung Melayu,-6.224804,106.86697
B05707P,Term. Kampung Melayu 2,-6.224516,106.86685
B05708P,Term. Kampung Rambutan,-6.308964,106.88165
B05711P,Term. Klender,-6.221557,106.93248
B05712P,Term. Kota Intan,-6.132323,106.81115
B05713P,Term. Muara Angke 1,-6.109045,106.77353
B05714P,Term. Muara Angke 2,-6.109001,106.77349
B05715P,Term. Pasar Minggu,-6.283048,106.84371
B05716P,Term. Pasar Minggu 2,-6.282492,106.84455
B05718P,Term. Pinang Ranti,-6.291029,106.88599
B05720P,Term. Poris Plawad,-6.172859,106.66501
B05721P,Term. Ragunan,-6.305594,106.8202
B05722P,Term. Rawa Buaya,-6.15943,106.72564
B05723P,Term. Rawamangun,-6.198002,106.89099
B05724P,Term. Rawamangun 1,-6.198204,106.8902
B05725P,Term. Senen,-6.17356,106.84213
B05726P,Term. Shuttle BSD,-6.305588,106.67997
B05727P,Term. Tanah Merdeka,-6.106652,106.92171
B05728P,Term. Tj. Priok 1,-6.1098,106.88118
B05729P,Term. Tj. Priok 2,-6.109718,106.8834
B05730P,Teuku Cik Ditiro,-6.200319,106.83741
B05731P,Teuku Nyak Arief,-6.2312,106.7892
B05735P,The Food Hall Kb. Jeruk,-6.190971,106.75768
B05736P,The Jakarta Post,-6.207798,106.79365
B05737P,The Mansion Bougenvile,-6.14795,106.85518
B05740P,Theresia,-6.191324,106.82931
B05741P,Timah Jln. Margasatwa,-6.313202,106.80228
B05742P,Tip Top Rawamangun,-6.201153,106.88606
B05743P,Tirta Mas,-6.185798,106.8913
B05744P,Tirtayasa 1,-6.239279,106.80756
B05745P,TIS Square,-6.243169,106.84798
B05746P,Titan Center,-6.281076,106.72608
B05747P,Titanium Square,-6.340766,106.86931
B05748P,TK Aisyiyah 4 Tebet Timur,-6.231258,106.85268
B05749P,TK Al Husna Petukangan Utara,-6.231921,106.74521
B05750P,TK Angkasa 5,-6.261783,106.88613
B05751P,TK Angkasa 8,-6.285191,106.90125
B05752P,TK Dinamika,-6.295133,106.90388
B05754P,TK Hangtuah 2,-6.10975,106.926
B05757P,TK Nurul Ihsan Raya Pulo Gebang,-6.214198,106.95546
B05759P,TK Tarakanita 5,-6.202111,106.88295
B05761P,TK Yasporbi Kemanggisan,-6.186766,106.78815
B05763P,TMII Pintu 3,-6.30539,106.890202
B05764P,TMP Kalibata,-6.255523,106.84561
B05767P,Tokem Kemanggisan,-6.18699,106.78722
B05768P,Tol Bekasi Timur 1,-6.263808,107.01671
B05769P,Tol Bekasi Timur 2,-6.261696,107.01832
B05770P,Tol Kb. Jeruk 1,-6.1902,106.7676
B05771P,Tol Kb. Jeruk 2,-6.189835,106.76681
B05772P,Tongtek,-6.21662,106.8628
B05773P,Tosari 1,-6.199166,106.82334
B05774P,Tosari 2,-6.198915,106.82295
B05775P,Tosari 3,-6.200069,106.82335
B05776P,Total Buah Rawamangun,-6.196598,106.88975
B05777P,TPA As Sholihin,-6.179921,106.90687
B05778P,TPI,-6.292336,106.88879
B05779P,TPU Basmol,-6.160331,106.75275
B05780P,TPU Budi Darma,-6.119774,106.9292
B05781P,TPU Bungur,-6.247208,106.77889
B05782P,TPU Grogol Selatan,-6.231611,106.78025
B05783P,TPU Karet Bivak,-6.201241,106.814
B05784P,TPU Kb. Nanas 1,-6.23219,106.88051
B05785P,TPU Kb. Nanas 2,-6.232106,106.88017
B05786P,TPU Kb. Pala 1,-6.265572,106.87986
B05787P,TPU Kb. Pala 2,-6.265549,106.88013
B05788P,TPU Malaka,-6.229347,106.93522
B05790P,TPU Pondok Kelapa,-6.237272,106.94293
B05791P,TPU Rawa Kuning,-6.201735,106.96052
B05792P,TPU Rawabunga,-6.224528,106.8705
B05793P,TPU Tegal Alur,-6.105927,106.70342
B05795P,Trans Utama Cibubur,-6.344818,106.87132
B05796P,Transjakarta Pintu 1,-6.252682,106.87358
B05797P,Transjakarta Pintu 2,-6.25497,106.87651
B05798P,Transjakarta Pool Klender,-6.205191,106.90301
B05799P,Transjakarta Pool Rawa Buaya,-6.159048,106.72692
B05802P,Transvision,-6.240036,106.82842
B05804P,TTI Center,-6.2862,106.8339
B05805P,TU Gas 1,-6.192455,106.90507
B05806P,TU Gas 2,-6.192206,106.90495
B05808P,Tugu Batas Rorotan Marunda,-6.13095,106.95541
B05809P,Tugu Inti Persada Nusantara 1,-6.095925,106.71816
B05810P,Tugu Inti Persada Nusantara 2,-6.095764,106.71828
B05812P,Tugu Proklamasi,-6.202606,106.847711
B05813P,Tugu Proklamasi 2,-6.203214,106.845575
B05814P,Tugu Tani 1,-6.181662,106.83288
B05815P,Tugu Tani 2,-6.183129,106.83496
B05816P,TVRI,-6.213698,106.80086
B05819P,UKRIDA,-6.172372,106.7887
B05820P,UMJ 1,-6.296065,106.76544
B05821P,UMJ 2,-6.295705,106.76554
B05822P,UNAS,-6.280337,106.83891
B05823P,United Tractors 1,-6.18326,106.93243
B05824P,Univ. Borobudur 1,-6.24157,106.89641
B05825P,Univ. Borobudur 2,-6.241463,106.89608
B05826P,Univ. Borobudur 3,-6.243609,106.89906
B05827P,Univ. Borobudur 4,-6.243707,106.89891
B05828P,Univ. Darma Persada 2,-6.230546,106.92473
B05829P,Univ. Darma Persada,-6.228712,106.92436
B05830P,Univ. Indonesia,-6.353357,106.83186
B05832P,Univ. Mercu Buana,-6.210786,106.73783
B05833P,Univ. Moestopo Bintaro,-6.258469,106.76529
B05834P,Univ. Pancasila,-6.342183,106.83335
B05835P,Univ. Sahid 1,-6.235851,106.84435
B05836P,Univ. Sahid 2,-6.235598,106.84415
B05837P,Univ. Satya Negara,-6.241863,106.78286
B05838P,Univ. Satyagama,-6.143228,106.7295
B05839P,Univ. Tarumanegara,-6.169759,106.78866
B05840P,Univ. Tarumanegara 2,-6.169747,106.7877
B05841P,Univ. Tarumanegara Cilandak KKO,-6.293511,106.81635
B05843P,Univ. Trisakti,-6.168658,106.7885
B05844P,Univ. Trisakti 2,-6.166868,106.79098
B05847P,UP Angkutan Sekolah,-6.287636,106.87258
B05849P,Utan Panjang,-6.169541,106.85209
B05850P,Velodrome 1,-6.193624,106.88875
B05851P,Velodrome 2,-6.193324,106.88802
B05852P,Versailles,-6.308405,106.67367
B05853P,Veteran,-6.259892,106.76777
B05854P,Victoria Park 1,-6.201633,106.62053
B05855P,Victoria Park 2,-6.197681,106.62187
B05856P,Vidyasana Bahasa,-6.25487,106.89129
B05857P,Viekontama Perkasa Cibubur,-6.344548,106.87076
B05858P,Villa Bukit Gading,-6.157028,106.89966
B05860P,Villa Delima,-6.308803,106.78105
B05861P,Villa Kelapa Dua,-6.216829,106.76684
B05863P,Waduk Pluit,-6.11331,106.79483
B05865P,Waduk Setiabudi Jln. Gembira,-6.205469,106.82993
B05866P,Wahidin 1,-6.169862,106.83936
B05867P,Wahidin 2,-6.169193,106.83975
B05869P,Kantor Walikota Jakbar 1,-6.187147,106.73816
B05870P,Kantor Walikota Jakbar 2,-6.184852,106.73705
B05872P,Kantor Walikota Jaksel,-6.249147,106.80791
B05873P,Kantor Walikota Jakut 1,-6.11906,106.89304
B05874P,Warga,-6.273295,106.84656
B05875P,Warung Jengkol,-6.182362,106.9113
B05876P,Warung Mangga 1,-6.225899,106.63778
B05877P,Warung Mangga 2,-6.225732,106.63785
B05878P,Waterboom Jakarta 1,-6.112974,106.74925
B05879P,Waterboom Jakarta 2,-6.113197,106.74901
B05880P,Wijaya I,-6.240494,106.81433
B05881P,Wijaya Kusuma,-6.333008,106.83567
B05882P,Wira Purusa,-6.232229,106.92264
B05883P,Wisma 77,-6.189545,106.79915
B05884P,Wisma Asia II,-6.189386,106.79791
B05885P,Wisma Atlet Radin Inten,-6.223513,106.92322
B05886P,Wisma BCA,-6.295293,106.66633
B05887P,Wisma Budi,-6.214325,106.83073
B05889P,Wisma Laena Tebet,-6.223586,106.85008
B05890P,Wisma Mandiri,-6.18372,106.82322
B05892P,Wisma Nusantara,-6.193425,106.82319
B05894P,Wisma Pemda Riau,-6.189306,106.80001
B05897P,Wisma SMR,-6.150176,106.88771
B05898P,Wisma Subud,-6.28496,106.79596
B05899P,Wolter Monginsidi,-6.238799,106.81376
B05900P,Woodlinx Indonesia,-6.273122,106.82127
B05901P,WTC Mangga Dua,-6.134694,106.8314
B05903P,WTC Matahari 2,-6.266719,106.65469
B05904P,Yado I,-6.253745,106.79098
B05908P,Yaspen Islam Al Mamur Ciganjur,-6.345678,106.80344
B05909P,Yayasan Adi Luhur Gedong,-6.293022,106.85571
B05910P,Yayasan Al Azhar Syuhada,-6.326569,106.82067
B05911P,Yayasan Al Fakhriyyah,-6.21378,106.77525
B05912P,Yayasan Al Kholidin,-6.246823,106.80566
B05913P,Yayasan Al Muhajirin Pondok Kopi,-6.2214,106.94172
B05914P,Yayasan Alkahfi Jakbar,-6.198896,106.76889
B05915P,Yayasan Asih Budi,-6.229867,106.92007
B05918P,Yayasan Islam Suci Susukan,-6.310909,106.87305
B05920P,Yayasan Mambaul Ula,-6.25935,106.8643
B05921P,Yayasan Masjid Nurul Huda,-6.178921,106.79864
B05922P,Yayasan Miftahul Falah,-6.227374,106.87902
B05923P,Yayasan Miftahussaadah,-6.136853,106.71421
B05924P,Yayasan Muhammadiyah 1,-6.197045,106.81442
B05925P,Yayasan Muhammadiyah 2,-6.196871,106.81431
B05926P,Yayasan Nurul Ihsan Pulo Gebang,-6.215076,106.95527
B05927P,Yayasan Panti Nugraha,-6.304477,106.80438
B05928P,Yayasan Perguruan Rakyat 1,-6.228602,106.8987
B05929P,Yayasan Perguruan Rakyat 2,-6.228468,106.89862
B05931P,YBK,-6.270872,106.8466
B05932P,Yodya Tower,-6.243066,106.87651
B05933P,Yon Arhanud - 10 Pesanggrahan,-6.258076,106.75626
B05934P,Yos Sudarso Kodamar 1,-6.16205,106.881525
B05935P,Yos Sudarso Kodamar 2,-6.162096,106.881817
B05936P,YPI Al Huda Kb. Jeruk,-6.202423,106.76924
B05937P,YPI Asyaadah,-6.191129,106.94382
B05938P,YTKI,-6.235142,106.82424
B05939P,Kolam Renang Halim,-6.258146,106.88412
B05941P,Rusunawa Marunda Blok D3,-6.09627,106.9608
B05943P,Gg. Pancong,-6.146605,106.92363
B05944P,BNI Sukapura,-6.142639,106.92193
B05945P,Jln. Permata Meruya,-6.192114,106.73714
B05946P,Ps. Jabon Meruya,-6.200732,106.72901
B05947P,Kantor PJU,-6.196096,106.72987
B05950P,Jln. Andara Raya,-6.327861,106.80061
B05951P,Jln. Bintara IV,-6.219675,106.95236
B05954P,Jln. Tiong,-6.219243,106.81991
B05955P,Depo Kontainer Tj. Priok 1,-6.1117,106.877
B05956P,Depo Kontainer Tj. Priok 2,-6.11153,106.87694
B05957P,Pos 1 Pelabuhan Tj. Priok,-6.11324,106.8743
B05958P,Sbr. Pos 1 Pelabuhan Tj. Priok,-6.11341,106.87442
B05960P,Sbr. Jln. Samudera 1,-6.11637,106.87055
B05961P,PLTU Ancol,-6.12188,106.86263
B05962P,Stadion BMW,-6.12436,106.85721
B05963P,Sbr. Stadion BMW,-6.12417,106.8571
B05964P,Jln. RS Paru-Paru,-6.12671,106.85168
B05965P,Muara Bahari,-6.12707,106.84974
B05966P,Jembatan Muara Bahari,-6.1274,106.84813
B05967P,St. Ancol,-6.12792,106.84511
B05968P,Budi Mulia 2,-6.13074,106.84195
B05969P,Budi Mulia 1,-6.13078,106.842
B05970P,SMA 40,-6.13136,106.84143
B05971P,Sbr. SMA 40,-6.1313,106.84154
B05972P,Kel. Pademangan,-6.13253,106.84023
B05973P,Sbr. Kel. Pademangan,-6.13246,106.84019
B05974P,SDN Pademangan Barat 07,-6.13396,106.83798
B05975P,Sbr. SDN Pademangan Barat 07,-6.13404,106.83799
B05977P,Sbr. Jln. B,-6.13442,106.83492
B05978P,Jln. Ancol Barat 1,-6.1294,106.82006
B05979P,Sbr. Jln. Ancol Barat 1,-6.12935,106.81994
B05980P,Musala Al Ishlah,-6.12776,106.81757
B05981P,Sbr. Musala Al Ishlah,-6.12769,106.81764
B05984P,Gudang Minimarket 1,-6.12606,106.81423
B05985P,Gudang Minimarket 2,-6.12596,106.81406
B05986P,Masjid Bahari 1,-6.12411,106.8132
B05987P,Masjid Bahari 2,-6.12396,106.81329
B05989P,Jln. Ancol Barat 6,-6.12481,106.81983
B05990P,Puskesmas Ancol,-6.12458,106.81744
B05991P,Pademangan 1,-6.1337,106.83177
B05992P,GOR Pademangan,-6.13276,106.83738
B05993P,Polsek Pademangan,-6.12944,106.84317
B05994P,Teater Mobil 1,-6.12975,106.83565
B05995P,Teater Mobil 2,-6.12959,106.83563
B05996P,Pintu Keluar Ancol,-6.12647,106.84732
B06000P,Ancol Pintu 2,-6.12719,106.84461
B06009P,Garasi Parna Raya,-6.14638,106.92353
B06011P,Gg. Sabar,-6.144707,106.92247
B06015P,Karang Pol,-6.286162,106.83146
B06029P,Koperasi,-6.285978,106.83071
B06030P,Kel. Jati Padang,-6.285899,106.83476
B06031P,SMU Balai Rakyat,-6.285105,106.83694
B06034P,Masjid Cut Nyak Dien,-6.1874,106.8317
B06037P,Museum Kebangkitan,-6.178915,106.83877
B06038P,PMI DKI Jakarta,-6.181486,106.838009
B06039P,STIP 2,-6.104694,106.95903
B06040P,Pantai Maju,-6.093637,106.75068
B06041P,The Violin,-6.093301,106.74942
B06042P,Melody Golf 2,-6.091992,106.74599
B06043P,Seberang Food Street,-6.093258,106.74379
B06044P,The Piano,-6.094772,106.74292
B06045P,Galeri Niaga Mediterania 2,-6.116486,106.77142
B06046P,Bandengan Selatan 2,-6.137076,106.79632
B06047P,Gold Coast,-6.102693,106.74065
B06048P,Food Street,-6.092201,106.74388
B06049P,Melody Golf,-6.091746,106.7461
B06050P,Bluegreen Office,-6.176874,106.7287
B06051P,Puri Matahari,-6.18335,106.729925
B06053P,Selatan St. Gondangdia,-6.187059,106.8329
B06054P,Halimun 2,-6.20509,106.83357
B06055P,Puskesmas Setiabudi,-6.206893,106.83367
B06056P,Simpang Kawi Raya 2,-6.209438,106.83325
B06057P,Kuningan Madya Dalam,-6.210548,106.8324
B06058P,Kuningan Utama,-6.21335,106.83547
B06059P,Santa Ursula BSD,-6.299178,106.68245
B06060P,Jln. Letnan Sutopo,-6.297101,106.68136
B06061P,Taman Kota BSD,-6.286595,106.67525
B06062P,RS Eka,-6.299124,106.67016
B06063P,Polsek BSD,-6.296063,106.68131
B06064P,Jln. Dadap,-6.129073,106.85503
B06065P,Puskesmas Sunter Agung I,-6.132513,106.85557
B06066P,Polres Metro Jakpus,-6.159496,106.8514
B06067P,Sunter Muara 1,-6.144331,106.85745
B06071P,Jln. H. Yahya,-6.230219,106.87122
B06072P,Jln. Panti Asuhan,-6.229585,106.87395
B06073P,SPBU Limo Cinere 1,-6.343161,106.77878
B06074P,Institut Kesehatan Indonesia,-6.154063,106.89392
B06075P,SDN Sunter Agung 09,-6.127638,106.85898
B06076P,Sbr. SDN Sunter Agung 09,-6.127635,106.85913
B06077P,RS Dr. Sulianti Saroso,-6.130291,106.86142
B06078P,Sbr. RS Dr. Sulianti Saroso,-6.130496,106.86145
B06079P,Jln. Sunter Permai 1,-6.131277,106.8625
B06080P,Jln. Sunter Permai 2,-6.131551,106.86248
B06081P,Sbr. BNN Jakarta Utara,-6.132604,106.86425
B06082P,BNN Jakarta Utara,-6.132871,106.86411
B06083P,Tebet Eco Park Selatan,-6.241601,106.85237
B06084P,Tebet Eco Park Selatan 1,-6.239199,106.85181
B06085P,Tebet Eco Park Selatan 2,-6.240297,106.85297
B06086P,Tebet Eco Park Selatan 3,-6.241699,106.85365
B06090P,Jln. Menceng Raya,-6.123454,106.71804
B06097P,Sbr. Rusun Marunda,-6.09733,106.96235
B06116P,Sbr. SDN Tegal Alur 02 & 04 Pagi,-6.118204,106.71397
B06117P,Jln. Malioboro,-6.125705,106.72006
B06118P,Jln. Menceng Raya 2,-6.126485,106.72068
B06120P,Jln. Menvo,-6.125565,106.71984
B06122P,Masjid Raya Baiturrohman,-6.122444,106.71712
B06126P,Sudinkes,-6.189449,106.859617
B06127P,Sbr. BPPK Jakarta,-6.190102,106.858644
B06129P,BPPK Jakarta,-6.189843,106.858846
B06130P,Ps. Johar Baru 1,-6.185137,106.855981
B06131P,Jln. Kramat Jaya Baru I,-6.184338,106.855207
B06132P,Jln. Kramat Sentiong 1,-6.185732,106.852234
B06146P,Jln. Radjiman 2,-6.190406,106.92334
B06147P,Pasar Pulo Jaya,-6.195007,106.92255
B06148P,Pangarengan,-6.200434,106.92249
B06149P,Sbr. Gg. H. Sayuti I,-6.212774,106.92351
B06150P,Pulo Jaya,-6.194979,106.92242
B06160P,Pertamina Term. Priok,-6.107837,106.90132
B06161P,Tanah Merdeka 2,-6.108023,106.92116
B06163P,Pure Dalam,-6.108391,106.92016
B06164P,Jln. B Lagoa Terusan 2,-6.108628,106.91505
B06169P,Jln. Danau Sunter Barat 1,-6.130709,106.85524
B06170P,Ps. Bambu Kuning,-6.131875,106.85546
B06172P,Sbr. Ps. Tumpah Pademangan,-6.141145,106.83754
B06174P,Jln. Sungai Tiram,-6.11379,106.95906
B06175P,Jln. Lorong 104 Timur 1,-6.11405,106.895
B06176P,Jln. Lorong 104 Timur 2,-6.11414,106.89504
B06177P,Pool Pangkalan Jati,-6.248386,106.91713
B06179P,Gg. Swadaya 2 G,-6.133735,106.93576
B06181P,Jln. Masjid Darul Falah,-6.227149,106.75283
B06182P,Sbr. SMK Nurul Huda,-6.176843,106.93604
B06183P,Jln. Anggrek Raya,-6.205168,106.9229
B06184P,Gg. H Sayuti I,-6.212751,106.92367
B06185P,Sbr. Jln. Anggrek Raya,-6.205181,106.92273
B06186P,Rajiman 2,-6.200191,106.92225
B06187P,Jln. Radjiman 1,-6.190263,106.92314
B06188P,SMK Nurul Huda,-6.17684,106.93592
B06189P,Jln. Pangkal Jati 9,-6.252644,106.90605
B06190P,Jln. Pangkalan Jati VI A,-6.25476,106.90641
B06217P,Jln. Dahlia 10,-6.176465,106.94342
B06219P,Jln. Inspeksi Pam,-6.180363,106.9427
B06237P,Pertamina Marine III,-6.108387,106.90567
B06238P,Bogasari,-6.108568,106.90968
B06239P,Jln. Sindang Laut,-6.108114,106.91444
B06240P,Jln. Kalibaru Barat IV,-6.108031,106.91856
B06241P,Sbr. Jln. Jaya Wijaya,-6.107488,106.92408
B06256P,Jln. Jaya Wijaya,-6.107566,106.92412
B06257P,Jln. Kramat Jaya,-6.10836,106.9171
B06258P,Jln. A Lagoa,-6.10907,106.90983
B06259P,Sbr. Gg. Kumis,-6.201387,106.95581
B06260P,Gg. Damai,-6.196948,106.9559
B06261P,Gg. Jaimah,-6.196894,106.95593
B06262P,Gg. Kumis,-6.201403,106.95585
B06264P,Sbr. Jln. Gunung Sahari IX,-6.152852,106.83563
B06265P,Sbr. Jln. Tebet Timur Dalam IV L,-6.232161,106.85844
B06267P,Sbr. Jln. Tebet Timur Dalam 7J,-6.238823,106.85856
B06268P,Rusun Harum Tebet,-6.235196,106.85195
B06269P,Jln. Tebet Barat Raya,-6.233919,106.85064
B06270P,Jln. Tebet Barat Raya 1,-6.230502,106.85157
B06271P,Simpang Tebet Raya Timur 1,-6.229718,106.85286
B06272P,Simpang Tebet Utara Dalam Raya 1,-6.228738,106.85462
B06273P,Tebet Eco Park Utara,-6.237129,106.85238
B06277P,Jln.Tebet Barat V,-6.233937,106.8477
B06279P,Jln. Puri Tjapang Indah,-6.335267,106.84901
B06280P,Jln. Caraka Buana II,-6.333842,106.84581
B06282P,Jln. Kobangdiklat II,-6.326922,106.84468
B06284P,Jln. H. Hasan,-6.32223,106.84819
B06286P,Gg. Permata Indah III,-6.324311,106.8551
B06289P,Pejaten 2,-6.278368,106.82994
B06290P,Jati Padang 1,-6.285553,106.8261
B06291P,Jati Padang 2,-6.285637,106.82632
B06292P,Gg. Elektro,-6.114359,106.80286
B06294P,Gg. Marlina,-6.117402,106.80334
B06295P,Gg. VIII Muara Baru,-6.122869,106.80402
B06299P,Jln. Kayu Besar Dalam,-6.122739,106.73129
B06301P,Jln. Kedoya Raya,-6.158333,106.76795
B06302P,Jln. Kencana Timur,-6.126985,106.72962
B06306P,Jln. R. Anggun,-6.16126,106.76966
B06311P,Rusun Nagrak,-6.12462,106.94823
B06312P,Sbr. Gg. Elektro,-6.114391,106.80278
B06313P,Sbr. Gg. Marlina,-6.117521,106.80326
B06314P,Sbr. Gg. VIII Muara Baru,-6.122885,106.80408
B06321P,RSCM 2,-6.197078,106.84803
B06327P,Makam Mbah Priok,-6.105278,106.8997
B06352P,Jln. Jakarta Garden Boulevard,-6.170763,106.94975
B06353P,Jln. Michigan,-6.171216,106.95183
B06354P,Jln. Lake Garden Boulevard,-6.171771,106.95653
B06386P,Jln. Cidodol Raya,-6.229749,106.77195
B06387P,Jln. Panjang,-6.230456,106.77193
B06411P,Sbr. MI Nurul Hakim,-6.226067,106.75777
B06413P,Sbr. SDN 06 Petukangan Utara,-6.225193,106.75818
B06414P,MI Nurul Hakim,-6.226216,106.75784
B06415P,Sbr. Jln. Palem V,-6.22609,106.75473
B06417P,Jln. Narada 2,-6.178869,106.84974
B06418P,Sbr. Gg. Mushola Baburrahman,-6.179744,106.851689
B06419P,Jln. Pulo Gundul 1,-6.183279,106.851529
B06420P,Jln. Johar Baru 1,-6.185179,106.858524
B06421P,SATLAK Johar Baru,-6.186499,106.861084
B06422P,Taman Rawasari,-6.193136,106.858823
B06423P,Taman Pramuka,-6.194029,106.860802
B06425P,Jln. Pramuka 4,-6.193424,106.863152
B06426P,Jln. Kemuning 1,-6.194125,106.864567
B06427P,Jln. Kemuning Raya 1,-6.197144,106.864674
B06429P,Jln. Galur Sari X 2,-6.200803,106.866788
B06430P,Jln. Galur Sari Timur 2,-6.201961,106.869061
B06431P,SDN Utan Kayu Selatan 23 Pagi,-6.203858,106.87078
B06432P,Jln. Rasamala,-6.206328,106.871422
B06433P,Masjid Asy Syamsu,-6.208704,106.872661
B06434P,Jln. Pisangan Baru Tengah 1,-6.21118,106.872812
B06435P,Perguruan Nurul Iman,-6.213944,106.872569
B06436P,Jln. Arjuna III,-6.208673,106.87365
B06437P,Sbr. SDN Utan Kayu Selatan 23 Pagi,-6.203949,106.870877
B06439P,Jln. Galur Sari X 1,-6.200847,106.86681
B06440P,Jln. Galur Sari Barat 1,-6.200105,106.864653
B06441P,Jln. Kemuning 3,-6.198954,106.863273
B06442P,Jln. Kayu Manis Timur 1,-6.197243,106.861595
B06444P,Ps. Pramuka,-6.196962,106.857532
B06445P,Jln. Pramuka 2,-6.198719,106.855036
B06446P,Sbr. Ps. Pramuka,-6.196793,106.857075
B06447P,Jln. Pramuka 3,-6.194932,106.85986
B06451P,Sbr. SATLAK Johar Baru,-6.186471,106.86101
B06457P,Jln. Gading Sengon Raya,-6.140087,106.90321
B06461P,Perumahan Bukit Gading Mediterania,-6.156953,106.89532
B06462P,Jln. Casablanca IX,-6.160373,106.89385
B06463P,Jln. Boulevard Bukit Gading Raya,-6.163321,106.89214
B06464P,Mahatma Gading School,-6.166284,106.89036
B06465P,Disperindagkop,-6.170503,106.88819
B06466P,Gg. Damai Tanah Merah,-6.139737,106.90924
B06467P,Jln. Perjuangan Raya 1,-6.137019,106.90824
B06469P,Jln. Gading Sengon Raya 2,-6.140116,106.90324
B06505P,Masjid Jami Al Kubro,-6.326017,106.8332
B06522P,Jln. H. Zakaria,-6.326645,106.83391
B06530P,Jln. Kawi Guntur,-6.20973,106.8333
B06531P,Jln. Rawamangun Selatan 1,-6.202007,106.8799
B06532P,Bujana Tirta,-6.20385,106.878636
B06533P,Jln. Bujana Tirta Raya 2,-6.205537,106.87659
B06534P,Ahmad Yani Bea Cukai 1,-6.205555,106.87398
B06535P,Simpang Ps. Enjo,-6.211062,106.87438
B06537P,Jln. Pisangan Baru Utara 2,-6.208644,106.86702
B06538P,Jln. Kayu Manis X,-6.209244,106.86272
B06539P,Jln. Matraman Raya 1,-6.209196,106.85975
B06540P,Sbr. Taman Gg. Kelor,-6.211317,106.85882
B06541P,Sbr. SDN 01 Manggarai,-6.21353,106.85597
B06542P,Sbr. RPTRA Pesona Manggarai,-6.213105,106.85284
B06543P,St. Manggarai,-6.210961,106.85129
B06544P,Manggarai 1,-6.208717,106.84808
B06545P,Sbr. RSIA Tambak,-6.206658,106.84894
B06546P,Sbr. St. Manggarai,-6.209626,106.8504
B06547P,Sbr. Jln. Manggarai Utara 5,-6.211332,106.85441
B06548P,Simpang Manggarai Utara,-6.212697,106.85724
B06549P,St. Pondok Jati,-6.209196,106.86216
B06550P,Bank BRI Kayu Manis,-6.20651,106.86232
B06551P,Gg. Oyot,-6.207791,106.86593
B06552P,Jln. Pisangan Baru Utara 1,-6.208584,106.86702
B06554P,Ahmad Yani Bea Cukai 2,-6.205673,106.87359
B06555P,Universitas Terbuka,-6.201686,106.87294
B06556P,Jln. Bujana Tirta Raya 1,-6.205467,106.87659
B06557P,Kampus Frans Seda,-6.204283,106.87857
B06558P,Jln. Rawamangun Selatan 2,-6.201932,106.8799
B06559P,GI Pulo Mas,-6.201197,106.88038
B06560P,Kel. Rawamangun,-6.199099,106.8808
B06561P,TPU Kemiri Rawamangun,-6.19676,106.88091
B06562P,Jln. Rawamangun Muka Timur,-6.198014,106.88224
B06563P,Sbr. Baywalk 2,-6.110582,106.77963
B06564P,Sbr. Baywalk 1,-6.110098,106.77832
B06565P,Jln. Pluit Karang Utara 1,-6.11042,106.7755
B06566P,RPTRA Jakpro Asri,-6.112221,106.78125
B06567P,Sbr. PLTU Pluit,-6.112189,106.78596
B06568P,Jln. Gatep,-6.14025,106.82307
B06569P,Gg. Souw Beng Kong,-6.140939,106.82675
B06570P,Jln. Pangeran Jayakarta,-6.142671,106.82952
B06572P,Jln. Kejaksaan Pondok Bambu,-6.23807,106.89957
B06573P,SPBU Jln. DI Panjaitan,-6.233702,106.8766
B06577P,Blok M Jalur 2,-6.243369,106.80188
B06578P,Blok M Jalur 3,-6.243426,106.80188
B06579P,Blok M Jalur 4,-6.243474,106.80188
B06581P,Sbr. Gg. I Jln. Cipeucang V,-6.11437,106.90139
B06582P,Jln. Pinang 1,-6.11447,106.90319
B06583P,Sbr. Sekretariat Kelurahan Lagoa,-6.11791,106.90356
B06584P,Jln. Mengkudu Dalam,-6.11807,106.90654
B06585P,Kantor Kecamatan Koja,-6.11824,106.91016
B06586P,Jln. Mahoni Koja,-6.11847,106.91334
B06589P,Wisma Islamic Centre,-6.1235,106.91691
B06590P,Sbr. Jln. Komplek Yuka,-6.12603,106.91702
B06592P,SPBU Tugu Selatan,-6.13437,106.91585
B06593P,Jln. Rawa Indah 1,-6.13756,106.91453
B06594P,Jln. Gading Griya Lestari,-6.1412,106.91444
B06595P,Jln. Rawa Indah 2,-6.14467,106.91482
B06596P,Jln. Raya Kelapa Hybrida 1,-6.1485,106.91582
B06601P,Jln. Pegangsaan Dua 7,-6.17285,106.91792
B06602P,Sbr. Jln. H. Oyar,-6.1767,106.9183
B06604P,Simpang Jln. Pegangsaan Dua,-6.18223,106.9185
B06605P,Jln. Pegangsaan Dua 10,-6.18042,106.91838
B06606P,Jln. H. Oyar,-6.17692,106.91824
B06613P,Jln. Rawa Indah 3,-6.14469,106.9147
B06616P,Sbr. SPBU Tugu Selatan,-6.13436,106.91575
B06617P,Jln. Kampung Batu Tumbuh,-6.13191,106.91791
B06618P,Jln. Komplek Yuka,-6.12596,106.91688
B06620P,Sbr. Jln. Mahoni Koja,-6.11853,106.91334
B06622P,Sbr. Jln. Mengkudu Dalam,-6.11814,106.90659
B06623P,Sekretariat Kelurahan Lagoa,-6.11801,106.9036
B06624P,Jln. Pinang 2,-6.11447,106.90313
B06625P,Gg. I Jln. Cipeucang V,-6.11442,106.90155
B06626P,Jln. Cikijang Timur 2,-6.11432,106.89839
B06632P,Buncit Indah 2,-6.274071,106.83047
B06633P,Sbr. Kel. Ps. Minggu,-6.285514,106.84058
B06638P,Duren Tiga 2,-6.251908,106.82677
B06639P,Buncit Indah 1,-6.274,106.83019
B06640P,Sbr. Jln. Mampang Prapatan VI,-6.247118,106.82606
B06641P,Jln. Cinere Raya,-6.3466,106.7767
B06642P,Mega Cinere,-6.33334,106.78282
B06643P,Perempatan Gandul,-6.33963,106.79332
B06644P,Gerbang Tol Brigif,-6.343523,106.79725
B06645P,Kantor Lurah Gandul,-6.34007,106.79381
B06646P,Jln. Cinere Raya 2,-6.33358,106.78281
B06647P,Robinson,-6.285104,106.84358
B06648P,Poltangan 1,-6.294464,106.84131
B06649P,Jln. Pertanian III,-6.287641,106.84267
B06650P,Jln. Lebak Bulus Raya,-6.289748,106.770854
B06651P,Jln. Karet Pasar Baru Timur 5,-6.208563,106.82011
B06652P,Penggilingan 1,-6.214459,106.93945
B06653P,Penggilingan 2,-6.214423,106.93973
B06654P,Walikota Jakarta Timur 1,-6.212327,106.94515
B06655P,Walikota Jakarta Timur 2,-6.212722,106.94472
B06656P,Pesakih 1,-6.154564,106.71537
B06657P,Pesakih 2,-6.154977,106.71523
B06658P,Kel. Penjaringan,-6.125396,106.80071
B06659P,Polsek Penjaringan,-6.125179,106.80118
B06660P,Kasi Dikdas 1,-6.222363,106.92318
B06661P,Kasi Dikdas 2,-6.222079,106.92336
B06665P,Pengadilan Negeri Jaktim 2,-6.212604,106.94082
B06666P,Kodim 0505 1,-6.211958,106.94722
B06667P,Kodim 0505 2,-6.212305,106.94717
B06668P,Bengkel Jln. Letjen Suprapto,-6.174721,106.85362
B06669P,Sbr. Gg. Al Iman I,-6.116596,106.95712
B06671P,Sbr. Jln.Tebet Barat Raya,-6.233911,106.85073
B06672P,Sbr. Rusun Harum Tebet,-6.235159,106.85202
B06673P,Tebet Eco Park Utara 1,-6.23716,106.85246
B06674P,Tebet Eco Park Selatan 4,-6.239215,106.8519
B06675P,Tebet Eco Park Selatan 5,-6.241581,106.85242
B06681P,Waduk Papanggo,-6.127219,106.87284
B06682P,Jln. Bisma Raya 2,-6.132686,106.86793
B06683P,Sbr. Sunter Agung,-6.132599,106.85538
B06684P,Sbr. Ps. Bambu Kuning,-6.131895,106.85525
B06685P,Jln. Bahari Raya 2,-6.130551,106.85071
B06687P,Hutan Kota Kemayoran 1,-6.131979,106.84675
B06688P,Hutan Kota Kemayoran 2,-6.135487,106.84744
B06691P,Sbr. SDN Pademangan Timur 05 07,-6.132995,106.84423
B06697P,Ps. Pademangan Barat,-6.135456,106.83993
B06698P,Ps. Pademangan Timur 2,-6.13508,106.84298
B06700P,Jln. Bahari Raya 1,-6.130456,106.85084
B06701P,SDN Pademangan Timur 03,-6.131736,106.8455
B06702P,Jln. Pademangan Raya VII,-6.129427,106.84571
B06703P,JPO Benyamin Sueb,-6.131474,106.84665
B06706P,Jln. Tebet Timur Dalam VIII J,-6.242064,106.85845
B06709P,Al-Wathoniyah,-6.18371,106.923718
B06712P,Jln. Yamaha Pintu II,-6.192741,106.922861
B06713P,Masjid Al-Marzuqiyah,-6.20353,106.922932
B06715P,Masjid An Nur Khadijah,-6.236256,106.922619
B06716P,Jln. Klp. Hijau,-6.249153,106.939132
B06717P,Jln. Inspeksi Kalimalang Lampiri,-6.249943,106.938978
B06718P,SPBU Raden Intan II,-6.241814,106.920742
B06720P,Sbr. Al-Wathoniyah,-6.184075,106.923562
B06721P,PTC Pulo Gadung 1,-6.182782,106.916384
B06722P,Makam Wakaf,-6.182589,106.911403
B06725P,Gg. Jenan,-6.286223,106.826922
B06727P,Ps. Cipete,-6.280261,106.807483
B06728P,Jln. Pangeran Antasari,-6.27516,106.808476
B06729P,Asem,-6.271497,106.808574
B06730P,Jln. Abdul Majid Raya,-6.266064,106.808371
B06731P,Sbr. Prapanca Apartment,-6.263316,106.808158
B06732P,TPU Koba,-6.260605,106.808031
B06734P,Jln. Barito II,-6.248884,106.795853
B06735P,Sbr. Barito Park,-6.245185,106.793862
B06739P,SMP Tarakanita 5,-6.246421,106.794721
B06740P,Sbr. Jln. Barito II,-6.248808,106.795903
B06742P,Sbr. Essence Dharmawangsa,-6.257303,106.805181
B06743P,Jln. Cempaka III,-6.261689,106.808327
B06745P,Puri Sakti,-6.273029,106.80887
B06746P,Sbr. Jln. Pangeran Antasari,-6.275209,106.808665
B06749P,Sbr. Gg. Jenan,-6.286121,106.826953
B06750P,Sbr. SDN Cilandak Barat 15,-6.288628,106.806811
B06751P,Ciputra,-6.173485,106.728486
B06752P,Sbr. Jln. H. Nian,-6.245178,106.757087
B06753P,Jln. H. Nian,-6.245506,106.757121
B06754P,Awaludin 2,-6.199127,106.814572
B06758P,SDN 04 Malaka Jaya,-6.221398,106.935402
B06759P,Jln. Bunga Rampai Raya,-6.224609,106.934811
B06761P,Jln. Malaka Raya 2,-6.226263,106.926865
B06762P,Sbr. Jln. Delima Raya 2,-6.222174,106.926465
B06763P,Bumi Malaka 2,-6.220415,106.924934
B06764P,Jln. Duren Sawit Dermaga,-6.221217,106.911695
B06766P,Jln. Aneka Elok,-6.223167,106.89138
B06769P,Masjid Al Iman Cipinang,-6.222614,106.887298
B06770P,Jln. Aneka Elok 2,-6.223013,106.891085
B06771P,Sbr. SKKT Pondok Bambu,-6.223134,106.895501
B06772P,Jln. Duren Sawit Dermaga 2,-6.220991,106.911835
B06773P,Jln. Delima Raya 2,-6.221581,106.926624
B06774P,Jln. Malaka Raya 3,-6.225994,106.930991
B06776P,Sbr. SDN Gunung Sahari 01,-6.166091,106.841843
B06777P,Ps. Cakung 1,-6.182424,106.935415
B06778P,Gg. Masjid Nurul Jannah,-6.242995,106.759126
B06779P,Graha Jasindo,-6.18492,106.835449
B06780P,Jln. Malaka III,-6.226244,106.926968
B06781P,Cawang UKI 2,-6.249647,106.873659
B06782P,Mampang 10,-6.249742,106.826708
B06783P,Rusun Karet Tengsin,-6.205086,106.810223
B06784P,SMP PSKD 3,-6.211524,106.858659
B06785P,Sbr. Gg. H. Jamin,-6.288658,106.906645
B06786P,Gg. Rukun Lubang Buaya,-6.290369,106.906529
B06787P,Gg. Warga Lubang Buaya,-6.287618,106.90573
B06789P,Jl. Marunda Makmur I,-6.107259,106.959837
B06791P,SDN 11 Batu Ampar,-6.284068,106.85835
B06792P,Jln. Komodor 2,-6.266972,106.883357
B06793P,Gg. Nangka Halim,-6.266664,106.881701
B06794P,Sbr. Jln. Kamboja Halim,-6.265656,106.879334
B06795P,Sbr. Jln. Gorda,-6.289592,106.89572
B06796P,Sbr. Gg. Andong,-6.285949,106.89938
B06798P,Jln. Gorda,-6.289593,106.89598
B06799P,Jln. Komodor,-6.26692,106.883386
B06800P,SD Angkasa 1,-6.252707,106.890229
B06802P,Klinik Pratama Cipinang,-6.21023,106.892517
B06803P,Jln. Kramat Jaya Raya,-6.126441,106.916947
B06808P,Gg. Bambu Sukapura,-6.1369,106.9217
B06809P,Masjid Jami Nurul Huda,-6.138,106.9219
B06811P,Kampung Budaya Betawi Sukapura,-6.142087,106.922
B06817P,Pintu Tol Pondok Gede Selatan,-6.289177,106.876882
B06818P,Jln. Raya Inpres,-6.286217,106.862878
B06819P,Jln. Anggrek Cililitan,-6.265484,106.861274
B06820P,Jln. Otista Raya,-6.226494,106.867232
B06821P,Jln. Tebet Timur Dalam III,-6.230881,106.858358
B06822P,Ragunan 3,-6.305729,106.820162
B06823P,Jln. Pringgondani,-6.310813,106.806964
B06824P,Jln. Andara Raya Cilandak,-6.314503,106.803633
B06825P,Sbr. Jln. Pringgodani,-6.310713,106.806879
B06826P,Sbr. Gg. Musholla II,-6.31719,106.817773
B06827P,Jln. Pepaya Raya,-6.321994,106.818789
B06828P,Jln. Raya Jagakarsa,-6.326915,106.82391
B06829P,Gg. H. Bontong,-6.328009,106.824253
B06830P,SPBU Jagakarsa,-6.329435,106.825314
B06832P,Gg. H. Ali,-6.327369,106.833219
B06833P,Jln. Raya Lenteng Agung,-6.335654,106.83535
B06834P,Gg. Durian,-6.337381,106.834892
B06835P,Gg. Sawo Jagakarsa,-6.340934,106.834082
B06836P,Jln. Sumarso,-6.33723,106.834433
B06837P,Simpang Ubin,-6.330948,106.828959
B06838P,Gg. Keramat,-6.329124,106.825056
B06839P,Jln. Pepaya Raya 2,-6.321705,106.818523
B06840P,Sbr. G. H. Bontong,-6.328018,106.824205
B06841P,Gg. Musholla II,-6.317252,106.817877
B06842P,Jl. M. Khafi,-6.311739,106.813142
B06843P,Jln. M. Khafi 1,-6.353258,106.801395
B06844P,Jln. Kelinci,-6.34032,106.804673
B06845P,Sbr. TDC Jagakarsa,-6.343049,106.804283
B06846P,Jln. Pasir,-6.336591,106.806156
B06850P,Sbr. Jln. Pasir,-6.33645,106.806294
B06853P,Jl. Damai 74,-6.353126,106.80147
B06857P,Sbr. Komplek KPLP Marunda,-6.128898,106.956376
B06858P,Gg. Bulak I Rorotan,-6.132931,106.955238
B06861P,Sbr. Marlindo Marunda,-6.121898,106.957188
B06862P,Masjid Pasmar Marunda,-6.116057,106.95214
B06863P,Jln. Srengseng Sawah 1,-6.345005,106.831484
B06864P,Gg. Berdikari,-6.343622,106.833138
B06865P,Jln. Cupang,-6.338209,106.817918
B06866P,Jln. Penggilingan Baru I,-6.302868,106.881033
B06867P,Sbr. SDIT At Tahiriyah,-6.329288,106.876315
B06868P,Sbr. RS Harapan Bunda,-6.30186,106.868013
B06870P,Sbr. Jln. Nusa I Cililitan,-6.264402,106.871284
B06872P,Sbr. Jln. Ancol Selatan,-6.134139,106.855696
B06873P,Kementerian Agama Jakarta Timur,-6.218908,106.947344
B06876P,Jln. Prepedan Dalam,-6.119399,106.709211
B06877P,Simpang Jln. Cemara,-6.12663,106.85721
B06879P,Sbr. Jembatan Kecil Sunter Agung,-6.12848,106.85502
B06880P,Jln. Danau Sunter Barat 2,-6.139546,106.856814
B06881P,Jln. Danau Agung 2,-6.14544,106.859926
B06882P,Simpang Jln. Agung Permai 1,-6.144773,106.863349
B06883P,Simpang Jln. Agung Permai Raya,-6.14433,106.86592
B06885P,Komplek Paradise Timur Raya,-6.14381,106.8688
B06887P,Bank Capital Sunter,-6.137625,106.871634
B06888P,Sbr. Jln. Warakas I Gg. 8,-6.117617,106.87667
B06889P,Jln. Tenggiri Tj. Priok,-6.114067,106.879436
B06892P,Jln. Danau Sunter Utara,-6.138032,106.875968
B06893P,Jln. Danau Sunter Utara 1,-6.13751,106.87303
B06895P,Danau Agung 13,-6.144993,106.863245
B06896P,Jln. Danau Agung 5,-6.145583,106.860074
B06897P,Jln. Munggang,-6.276186,106.852082
B06898P,Jln. 26,-6.238158,106.921889
B06899P,Binus Syahdan 2,-6.200618,106.785795
B06900P,Jln. Margasatwa Bar,-6.310776,106.814218
B06901P,Gardu Induk Plumpang,-6.130848,106.895362
B06902P,Jln. Swasembada Timur 5,-6.124986,106.893289
B06903P,Simpang Jln. Mundu,-6.118265,106.910752
B06904P,Ruko Madrid,-6.301984,106.684385
B06905P,St. Juanda 2,-6.167648,106.830273
B06906P,Gg. Nanas,-6.303821,106.842852
B06907P,PIK2 Pantjoran,-6.089429,106.741383
B06908P,Slipi Petamburan 2,-6.201683,106.80002
B06909P,Slipi Petamburan 3,-6.200982,106.799123
B06910P,Perpustakaan Riset BPK,-6.206333,106.8027
B06911P,Senayan JCC 3,-6.208123,106.8042
B06912P,Sbr. DPR MPR 1,-6.213577,106.808761
P00001,Adam Malik,-6.236466,106.74786
P00002,Ahmad Yani Bea Cukai,-6.205526,106.87378
P00003,Ancol,-6.127563,106.83039
P00004,ASEAN,-6.239889,106.79897
P00005,ASMI,-6.171797,106.8888
P00006,Atrium,-6.176251,106.84023
P00007,Balai Kota,-6.180488,106.82646
P00008,Bandengan Selatan,-6.136318,106.80347
P00009,Bank Indonesia Arah Selatan,-6.184784,106.82326
P00010,Bank Indonesia Arah Utara,-6.182776,106.8228
P00011,Bekasi Barat,-6.250045,106.99167
P00012,Bendungan Hilir,-6.217137,106.81528
P00013,Kota,-6.13679,106.8149
P00014,Bermis,-6.178203,106.89859
P00015,Bidara Cina,-6.229724,106.86721
P00016,BKN,-6.257751,106.87
P00017,Blok M,-6.243312,106.80175
P00018,BNN Arah Barat,-6.24651,106.87318
P00019,BTC,-6.258292,107.02069
P00020,Buaran,-6.215132,106.91768
P00021,Budi Utomo,-6.166063,106.83906
P00022,Bulak Kapal 1,-6.250708,107.02395
P00023,Bulak Kapal 2,-6.251121,107.02366
P00024,Buncit Indah,-6.274333,106.83029
P00025,Bundaran HI,-6.193021,106.823
P00026,Bundaran Senayan,-6.227869,106.80094
P00027,Cakung Cilincing,-6.184223,106.94231
P00028,Cakung United Tractors,-6.18324,106.92998
P00029,Cawang Ciliwung Arah Barat,-6.243292,106.86359
P00030,Cawang Ciliwung Arah Timur,-6.243012,106.86354
P00031,Cawang Otista,-6.243607,106.86876
P00032,Cawang Soetoyo,-6.244771,106.87598
P00033,Cawang UKI,-6.250309,106.8736
P00034,CBD Ciledug,-6.223629,106.70904
P00035,Cempaka Mas,-6.165888,106.8792
P00036,Cempaka Putih,-6.174207,106.87642
P00037,Cempaka Tengah,-6.170398,106.86659
P00038,Cempaka Timur,-6.166584,106.87591
P00039,Cikoko Stasiun Cawang Arah Barat,-6.243359,106.85815
P00040,Cikoko Stasiun Cawang Arah Timur,-6.243028,106.85814
P00041,Cipinang,-6.213664,106.88986
P00042,Cipinang Kebon Nanas,-6.231659,106.87637
P00043,Cipulir,-6.237818,106.76541
P00044,CSW 1,-6.23994,106.79843
P00045,CSW 2,-6.239861,106.79783
P00046,Danau Agung,-6.146869,106.85805
P00047,Departemen Kesehatan,-6.228794,106.833205
P00048,Departemen Pertanian,-6.294641,106.82213
P00049,Deplu,-6.173503,106.83472
P00050,Dispenda Samsat Barat,-6.154634,106.7381
P00051,Dukuh Atas,-6.205702,106.82223
P00052,Dukuh Atas 2,-6.203276,106.82377
P00053,Duren Tiga,-6.252377,106.82697
P00054,Duri Kepa,-6.185266,106.76842
P00055,Enggano,-6.11015,106.89242
P00056,Explorer Tanah Abang,-6.184305,106.81158
P00057,Flyover Jatinegara,-6.215175,106.87356
P00058,Flyover Klender,-6.213596,106.90306
P00059,Flyover Radin Inten,-6.215982,106.92438
P00060,Flyover Raya Bogor,-6.3065,106.8657
P00061,Galur,-6.174388,106.85485
P00062,Gambir 1,-6.174612,106.8304
P00063,Gambir 2,-6.178929,106.83106
P00064,Garuda Taman Mini,-6.290154,106.88116
P00065,Gatot Subroto Jamsostek Arah Barat,-6.233551,106.82208
P00066,Gatot Subroto Jamsostek Arah Timur,-6.232602,106.82162
P00067,Gatot Subroto LIPI Arah Barat,-6.227392,106.81763
P00068,Gatot Subroto LIPI Arah Timur,-6.226549,106.8174
P00069,Gedong Panjang,-6.132617,106.80596
P00070,Gelanggang Remaja,-6.235445,106.86795
P00071,Gelora Bung Karno,-6.224217,106.8058
P00072,Glodok,-6.1445,106.81545
P00073,GOR Sumantri,-6.221618,106.832245
P00074,Grogol 1,-6.166824,106.78971
P00075,Grogol 2 Arah Utara,-6.167253,106.78781
P00076,Gunung Sahari Mangga Dua,-6.136817,106.83237
P00077,Halimun,-6.205137,106.83338
P00079,Imigrasi,-6.256977,106.82808
P00080,Imigrasi Jakarta Timur,-6.214632,106.88227
P00081,Indosiar,-6.163376,106.77514
P00082,Istiqlal,-6.172252,106.83093
P00083,Jak Lingko Tanah Abang,-6.185496,106.81105
P00085,Jati Padang,-6.285431,106.82626
P00086,Jatinegara RS Premier,-6.221412,106.86807
P00087,Jelambar,-6.166548,106.78651
P00088,Jembatan Baru,-6.154831,106.73038
P00089,Jembatan Besi,-6.152005,106.7949
P00090,Jembatan Dua,-6.143279,106.79352
P00091,Jembatan Gantung,-6.155513,106.74946
P00092,Jembatan Merah,-6.146731,106.83427
P00093,Jembatan Tiga Arah Utara,-6.133383,106.79267
P00095,JIS,-6.126689,106.85587
P00096,JORR,-6.236104,106.75488
P00097,Juanda,-6.168048,106.83089
P00098,Kali Besar Barat,-6.135355,106.81143
P00099,Kalideres,-6.154412,106.7055
P00101,Kampung Rambutan,-6.309885,106.88216
P00102,Kampung Sumur,-6.214412,106.91189
P00103,Karet Kuningan,-6.21667,106.830737
P00104,Karet Sudirman,-6.212457,106.82003
P00105,Kayu Putih Rawasari,-6.187453,106.87542
P00106,Kebayoran Lama,-6.23834,106.77752
P00107,Kebayoran Lama Bungur,-6.252688,106.78164
P00108,Kebon Jeruk,-6.194311,106.76887
P00109,Matraman Baru,-6.21288,106.86115
P00110,Kedoya Assiddiqiyah,-6.174495,106.76585
P00111,Kedoya Green Garden,-6.164435,106.76301
P00112,Kejaksaan Agung,-6.2405,106.79844
P00113,Kelapa Dua Sasak,-6.205551,106.76953
P00114,Kemayoran Landas Pacu Timur,-6.152181,106.85424
P00116,Kota Harapan Indah 1,-6.193598,106.97335
P00117,Kota Harapan Indah 2,-6.193912,106.97356
P00118,Kramat Sentiong,-6.18798,106.84595
P00119,Kuningan Barat,-6.23725,106.82794
P00120,Kuningan Madya,-6.21341,106.8305
P00121,Kuningan Timur,-6.234731,106.82902
P00122,Kwitang,-6.181051,106.83866
P00123,Landmark Pluit Auto Plaza,-6.125258,106.79971
P00124,Latuharhary,-6.202761,106.82771
P00125,Latumeten Stasiun Grogol Arah Selatan,-6.160376,106.79097
P00126,Latumeten Stasiun Grogol Arah Utara,-6.16106,106.7904
P00127,Layur,-6.193539,106.89909
P00128,Lebak Bulus,-6.289413,106.77415
P00129,Mampang Prapatan,-6.242699,106.82572
P00131,Mangga Dua,-6.136148,106.82597
P00132,Manggarai,-6.20888,106.84739
P00133,Masjid Agung,-6.236483,106.79845
P00134,Matraman 1,-6.19998,106.85443
P00135,Matraman 2,-6.19891,106.8545
P00136,Mayestik,-6.241921,106.79077
P00137,Monas,-6.176248,106.82286
P00138,Museum Fatahillah,-6.13393,106.81209
P00139,Olimo,-6.1493,106.81669
P00140,Pademangan,-6.133704,106.83164
P00141,Pakin,-6.127982,106.80474
P00142,Pal Putih,-6.184631,106.84402
P00143,Pancoran Barat Arah Barat,-6.241672,106.8372
P00144,Pancoran Barat Arah Timur,-6.241571,106.83808
P00145,Pancoran Tugu Arah Barat,-6.2433,106.84388
P00146,Pangeran Jayakarta,-6.137611,106.81792
P00147,Pasar Baru,-6.166129,106.83483
P00148,Pasar Baru Timur,-6.162272,106.83811
P00150,Pasar Cempaka Putih,-6.172325,106.86246
P00151,Pasar Enjo,-6.214881,106.87819
P00152,Pasar Genjing,-6.194446,106.86092
P00153,Pasar Induk Kramat Jati,-6.294215,106.87203
P00154,Pasar Jatinegara,-6.215744,106.86632
P00155,Pasar Kebayoran Lama,-6.238413,106.78323
P00156,Pasar Kramat Jati,-6.268822,106.86663
P00157,Pasar Modern Harapan Indah,-6.168544,106.97431
P00158,Pasar Pulo Gadung,-6.187434,106.90591
P00159,Pasar Rumput,-6.207125,106.84112
P00160,Patra Kuningan,-6.232677,106.832087
P00161,Pecenongan,-6.16771,106.82819
P00162,Pedati Prumpung,-6.22016,106.87439
P00163,Pedongkelan,-6.167962,106.88246
P00164,Pejaten,-6.278404,106.82972
P00166,Pemuda Pramuka,-6.192795,106.87498
P00167,Pemuda Rawamangun,-6.193488,106.89165
P00168,Penas Kalimalang,-6.23907,106.878
P00169,Penggilingan,-6.214132,106.93961
P00170,Penjaringan,-6.126306,106.79203
P00171,Permai Koja Arah Utara,-6.11413,106.89309
P00172,Permata Hijau,-6.221427,106.78325
P00173,Permata Hijau RS Medika,-6.218401,106.77761
P00174,Perumnas Klender,-6.216689,106.93054
P00175,Pesakih,-6.154803,106.71527
P00176,Petojo,-6.169984,106.81698
P00177,PGC 1,-6.262494,106.86635
P00178,PGC 2,-6.2619,106.8657
P00179,Pinang Ranti,-6.291075,106.88634
P00180,Plaza St. Manggarai,-6.210225,106.85099
P00181,Pluit,-6.115795,106.79037
P00182,Plumpang Pertamina Arah Utara,-6.12848,106.8937
P00183,Polda Metro Jaya,-6.221094,106.81028
P00184,Pondok Indah 1,-6.286761,106.77999
P00185,Pondok Indah 2,-6.267231,106.78365
P00186,Pondok Pinang,-6.28217,106.77204
P00187,Pos Pengumben,-6.212935,106.77226
P00188,Pramuka BPKP,-6.192192,106.87401
P00189,Pramuka LIA,-6.192238,106.86858
P00190,Ps. Palmerah,-6.207817,106.79695
P00191,PTC Pulo Gadung,-6.182622,106.91561
P00192,Pulo Gadung 1,-6.183239,106.90907
P00193,Pulo Gadung 2,-6.183098,106.90872
P00194,Pulo Gebang,-6.213275,106.953327
P00195,Pulo Mas,-6.174736,106.89277
P00196,Pulo Mas Bypass,-6.176953,106.876
P00197,Puri Beta 1,-6.230596,106.72602
P00198,Puri Beta 2,-6.230532,106.72371
P00199,Ragunan,-6.305769,106.81949
P00200,Rawa Barat,-6.238947,106.81624
P00201,Rawa Buaya,-6.153908,106.72619
P00202,Rawa Selatan,-6.173925,106.85809
P00203,Raya Bekasi Pulo Gebang,-6.187604,106.95987
P00204,RS Harapan Bunda,-6.301956,106.86803
P00205,RS Harapan Kita Arah Selatan,-6.185221,106.79709
P00206,RS Harapan Kita Arah Utara,-6.184489,106.79674
P00207,RS Islam,-6.168676,106.87027
P00208,RS Sumber Waras,-6.166294,106.79675
P00209,RS Tarakan,-6.171146,106.81011
P00210,RSPAD,-6.175485,106.83674
P00211,S Parman Podomoro City Arah Barat,-6.175587,106.79223
P00212,S Parman Podomoro City Arah Timur,-6.175799,106.79308
P00213,Salemba Carolus,-6.196781,106.85102
P00214,Salemba UI,-6.193373,106.84891
P00216,Semanggi,-6.22111,106.81354
P00217,Senayan JCC Arah Barat,-6.213906,106.80841
P00218,Senayan JCC Arah Timur,-6.214145,106.809
P00219,Senen,-6.178211,106.84251
P00220,Senen Sentral,-6.178287,106.84197
P00221,Seskoal,-6.238064,106.77121
P00222,Setiabudi Utara,-6.209189,106.830237
P00223,Simprug,-6.233935,106.78647
P00224,Slamet Riyadi,-6.208533,106.85929
P00225,Slipi Kemanggisan Arah Selatan,-6.189781,106.79726
P00226,Slipi Kemanggisan Arah Utara,-6.189906,106.79694
P00227,Slipi Petamburan Arah Utara,-6.20203,106.79989
P00228,SMK 57,-6.290967,106.82365
P00229,SMP 140,-6.139776,106.8592
P00230,St. Palmerah,-6.208908,106.79706
P00232,Stasiun Jatinegara Arah Utara,-6.21542,106.8742
P00233,St. Jatinegara 2,-6.215601,106.86805
P00234,Stasiun Klender,-6.213532,106.89866
P00235,Stasiun Tebet,-6.225503,106.85814
P00236,Summarecon Bekasi,-6.225566,107.00281
P00237,Sumur Bor,-6.153046,106.71929
P00238,Sunan Giri,-6.193267,106.88367
P00239,Sunter Boulevard Barat,-6.14965,106.889
P00240,Sunter Karya,-6.137625,106.87081
P00241,Sunter Kelapa Gading Arah Utara,-6.1429,106.89076
P00242,Swadarma,-6.23755,106.76065
P00243,Taman Kota,-6.157176,106.75789
P00244,Tanah Apit,-6.182793,106.97608
P00245,Tanah Kusir Kodim,-6.256997,106.78168
P00246,Tanah Merdeka Arah Barat,-6.308216,106.87393
P00247,Tanah Merdeka Arah Timur,-6.307866,106.87389
P00248,Tanjung Priok,-6.10959,106.88214
P00249,Tebet Eco Park II Arah Barat,-6.243338,106.85212
P00250,Tebet Eco Park II Arah Timur,-6.243056,106.85208
P00251,Tegal Parang Arah Barat,-6.238863,106.83022
P00252,Tegal Parang Arah Timur,-6.239005,106.83106
P00253,Tegalan,-6.203101,106.85715
P00254,Tendean,-6.240213,106.83102
P00255,Terminal Bekasi,-6.249502,107.01339
P00256,MH Thamrin,-6.188149,106.82299
P00257,Timur St. Manggarai,-6.209763,106.8511
P00258,Tipar Cakung,-6.183387,106.92463
P00259,Tirtayasa,-6.239207,106.80777
P00260,Tomang Mandala,-6.176875,106.80037
P00261,Tosari,-6.196892,106.82309
P00263,TU Gas,-6.19241,106.90489
P00264,Ujung Menteng,-6.189222,106.96483
P00265,UNJ,-6.192931,106.88033
P00266,Utan Kayu,-6.192728,106.86457
P00267,Utan Kayu Rawamangun,-6.197515,106.87404
P00268,Velbak,-6.239433,106.78552
P00269,Velodrome,-6.193468,106.8883
P00270,Walikota Jakarta Timur,-6.21254,106.94537
P00271,Walikota Jakarta Utara Arah Selatan,-6.118845,106.89347
P00272,Walikota Jakarta Utara Arah Utara,-6.118842,106.89314
P00273,Warung Jati,-6.262364,106.82977
P00274,Yos Sudarso Kodamar,-6.162043,106.88169
P00275,Keselamatan,-6.222946,106.84745
P00278,BNN Arah Timur,-6.246264,106.87308
P00279,Pancoran Tugu Arah Timur,-6.243082,106.84392
P00281,Slipi Petamburan Arah Selatan,-6.201948,106.79998
P00282,Grogol 2 Arah Selatan,-6.167435,106.78856
P00283,Jembatan Tiga Arah Selatan,-6.133377,106.79273
P00284,Stasiun Jatinegara Arah Selatan,-6.215541,106.87436
P00285,Sunter Kelapa Gading Arah Selatan,-6.142894,106.89091
P00286,Plumpang Pertamina Arah Selatan,-6.128467,106.89381
P00287,Permai Koja Arah Selatan,-6.114359,106.89314
P00291,Harmoni Arah Utara,-6.162678,106.819663
P00292,Harmoni Arah Selatan,-6.162687,106.81992
P00293,Sawah Besar Arah Utara,-6.157418,106.81846
P00294,Sawah Besar Arah Selatan,-6.157368,106.818661
P00295,Mangga Besar Arah Utara,-6.15325,106.817536
P00296,Mangga Besar Arah Selatan,-6.153943,106.817952
P00297,BNN LRT,-6.245863,106.871143
P00298,Dukuh Atas 2,-6.204494,106.823327
